fund_name,asset_universe,method,estimation_start_date,estimation_end_date,effective_date,solver_success,fallback_used,effective_max_asset_weight,excluded_assets,turnover,crypto_cap
combined_equal_weight,combined,equal_weight,2020-01-03,2020-12-31,2021-01-04,True,False,,[],,
combined_equal_weight,combined,equal_weight,2020-01-31,2021-01-29,2021-02-01,True,False,,[],0.045735461348319434,
combined_equal_weight,combined,equal_weight,2020-02-28,2021-02-26,2021-03-01,True,False,,[],0.06775775218129507,
combined_equal_weight,combined,equal_weight,2020-04-01,2021-03-31,2021-04-01,True,False,,[],0.03509260108878921,
combined_equal_weight,combined,equal_weight,2020-05-01,2021-04-30,2021-05-03,True,False,,[],0.07475824087043025,
combined_equal_weight,combined,equal_weight,2020-06-01,2021-05-28,2021-06-01,True,False,,[],0.041721742689391626,
combined_equal_weight,combined,equal_weight,2020-07-01,2021-06-30,2021-07-01,True,False,,[],0.04903974259352423,
combined_equal_weight,combined,equal_weight,2020-07-31,2021-07-30,2021-08-02,True,False,,[],0.02445178467116295,
combined_equal_weight,combined,equal_weight,2020-09-01,2021-08-31,2021-09-01,True,False,,[],0.040609463330625886,
combined_equal_weight,combined,equal_weight,2020-10-01,2021-09-30,2021-10-01,True,False,,[],0.03429572469883435,
combined_equal_weight,combined,equal_weight,2020-10-30,2021-10-29,2021-11-01,True,False,,[],0.035170307554484685,
combined_equal_weight,combined,equal_weight,2020-12-01,2021-11-30,2021-12-01,True,False,,[],0.03591605717422467,
combined_equal_weight,combined,equal_weight,2021-01-04,2021-12-31,2022-01-03,True,False,,[],0.039135077956303985,
combined_equal_weight,combined,equal_weight,2021-02-02,2022-01-31,2022-02-01,True,False,,[],0.054608127410295845,
combined_equal_weight,combined,equal_weight,2021-03-02,2022-02-28,2022-03-01,True,False,,[],0.041592507234068585,
combined_equal_weight,combined,equal_weight,2021-04-05,2022-03-31,2022-04-01,True,False,,[],0.03297601930324238,
combined_equal_weight,combined,equal_weight,2021-05-03,2022-04-29,2022-05-02,True,False,,[],0.044807458371089945,
combined_equal_weight,combined,equal_weight,2021-06-02,2022-05-31,2022-06-01,True,False,,[],0.06687277616482935,
combined_equal_weight,combined,equal_weight,2021-07-01,2022-06-30,2022-07-01,True,False,,[],0.043922040067420696,
combined_equal_weight,combined,equal_weight,2021-07-30,2022-07-29,2022-08-01,True,False,,[],0.03801935484948645,
combined_equal_weight,combined,equal_weight,2021-09-01,2022-08-31,2022-09-01,True,False,,[],0.026334939747044622,
combined_equal_weight,combined,equal_weight,2021-10-01,2022-09-30,2022-10-03,True,False,,[],0.03977352362301021,
combined_equal_weight,combined,equal_weight,2021-11-01,2022-10-31,2022-11-01,True,False,,[],0.038868377968473616,
combined_equal_weight,combined,equal_weight,2021-12-01,2022-11-30,2022-12-01,True,False,,[],0.03433475283210966,
combined_equal_weight,combined,equal_weight,2021-12-31,2022-12-30,2023-01-03,True,False,,[],0.028707181493547028,
combined_equal_weight,combined,equal_weight,2022-01-31,2023-01-31,2023-02-01,True,False,,[],0.036508992597519926,
combined_equal_weight,combined,equal_weight,2022-02-28,2023-02-28,2023-03-01,True,False,,[],0.021301805022005092,
combined_equal_weight,combined,equal_weight,2022-03-31,2023-03-31,2023-04-03,True,False,,[],0.03468938046122184,
combined_equal_weight,combined,equal_weight,2022-04-28,2023-04-28,2023-05-01,True,False,,[],0.02171490049579822,
combined_equal_weight,combined,equal_weight,2022-05-31,2023-05-31,2023-06-01,True,False,,[],0.031125691028957965,
combined_equal_weight,combined,equal_weight,2022-06-30,2023-06-30,2023-07-03,True,False,,[],0.04414629574385219,
combined_equal_weight,combined,equal_weight,2022-07-29,2023-07-31,2023-08-01,True,False,,[],0.030509156409318915,
combined_equal_weight,combined,equal_weight,2022-08-31,2023-08-31,2023-09-01,True,False,,[],0.03277279687160014,
combined_equal_weight,combined,equal_weight,2022-09-29,2023-09-29,2023-10-02,True,False,,[],0.026668034707894396,
combined_equal_weight,combined,equal_weight,2022-10-31,2023-10-31,2023-11-01,True,False,,[],0.023323841287453028,
combined_equal_weight,combined,equal_weight,2022-11-30,2023-11-30,2023-12-01,True,False,,[],0.032786079238401884,
combined_max_sharpe,combined,max_sharpe,2020-01-03,2020-12-31,2021-01-04,True,False,0.2,"['AEP', 'BA', 'COP', 'CVX', 'D', 'DIS', 'EA', 'GE', 'GS', 'KO', 'MMM', 'MS', 'NKE', 'PLD', 'PSA', 'SBUX', 'SHW', 'SLB', 'V', 'WFC', 'WMT']",,
combined_max_sharpe,combined,max_sharpe,2020-01-31,2021-01-29,2021-02-01,True,False,0.2,"['ABBV', 'ADBE', 'AMD', 'BA', 'CAT', 'CCI', 'DD', 'DIS', 'DOW', 'EA', 'GE', 'GS', 'INTC', 'KO', 'MMM', 'NEE', 'NUE', 'O', 'OXY', 'PLD', 'PSA', 'QCOM', 'SBUX', 'SO', 'USB', 'WMT', 'XOM', 'ADA-USD', 'ETC-USD', 'TRX-USD', 'XRP-USD']",0.1990651797813615,
combined_max_sharpe,combined,max_sharpe,2020-02-28,2021-02-26,2021-03-01,True,False,0.2,"['ABBV', 'ADBE', 'AMD', 'AMT', 'CMCSA', 'DD', 'DOW', 'DUK', 'EA', 'GILD', 'GS', 'MMM', 'MRK', 'MS', 'NUE', 'O', 'PLD', 'PSA', 'SHW', 'SLB', 'SO', 'T', 'TMUS', 'WFC', 'XOM', 'BCH-USD', 'EOS-USD', 'ETC-USD', 'ETH-USD', 'LTC-USD', 'TRX-USD', 'XRP-USD']",0.4844632929235601,
combined_max_sharpe,combined,max_sharpe,2020-04-01,2021-03-31,2021-04-01,True,False,0.2,"['AEP', 'AMD', 'BA', 'COP', 'CVX', 'DIS', 'DOW', 'GE', 'GILD', 'INTC', 'KO', 'MRK', 'NVDA', 'PLD', 'QCOM', 'SHW', 'SLB', 'SO', 'T', 'USB', 'WFC', 'XOM', 'BCH-USD', 'EOS-USD', 'ETC-USD', 'ETH-USD', 'LTC-USD', 'XLM-USD', 'XRP-USD']",0.5500601851408674,
combined_max_sharpe,combined,max_sharpe,2020-05-01,2021-04-30,2021-05-03,True,False,0.2,"['ABT', 'AEP', 'AMD', 'AMGN', 'AMT', 'D', 'DD', 'DIS', 'DOW', 'DUK', 'MMM', 'NEE', 'NKE', 'O', 'QCOM', 'SBUX', 'SO', 'TMUS', 'USB', 'V', 'WFC', 'WMT', 'XOM', 'ETH-USD']",0.36322299030439775,
combined_max_sharpe,combined,max_sharpe,2020-06-01,2021-05-28,2021-06-01,True,False,0.2,"['ADBE', 'AEP', 'AMD', 'AMT', 'BA', 'COP', 'D', 'DIS', 'DUK', 'EA', 'GILD', 'INTC', 'NEE', 'NEM', 'PLD', 'TMUS', 'BCH-USD', 'EOS-USD', 'LTC-USD', 'XLM-USD', 'XRP-USD']",0.350562552318765,
combined_max_sharpe,combined,max_sharpe,2020-07-01,2021-06-30,2021-07-01,True,False,0.2,"['ABBV', 'ADBE', 'AMGN', 'AMT', 'BA', 'CCI', 'CMCSA', 'COP', 'CVX', 'D', 'DD', 'DOW', 'EA', 'GILD', 'INTC', 'KO', 'MRK', 'NEE', 'NEM', 'O', 'OXY', 'PLD', 'QCOM', 'SLB', 'T', 'TMUS', 'TTWO', 'V', 'WMT', 'BCH-USD', 'EOS-USD', 'LTC-USD', 'XLM-USD', 'XRP-USD']",0.49934448953559024,
combined_max_sharpe,combined,max_sharpe,2020-07-31,2021-07-30,2021-08-02,True,False,0.2,"['ABT', 'AEP', 'AMGN', 'AMT', 'BA', 'CAT', 'CCI', 'CMCSA', 'COP', 'CVX', 'D', 'DD', 'DIS', 'DOW', 'EA', 'GILD', 'INTC', 'KO', 'MRK', 'NEE', 'O', 'OXY', 'PLD', 'QCOM', 'SLB', 'SO', 'T', 'TMUS', 'TTWO', 'UPS', 'V', 'WMT', 'XOM', 'ADA-USD', 'EOS-USD', 'ETH-USD', 'LTC-USD', 'XLM-USD']",0.2527116568987784,
combined_max_sharpe,combined,max_sharpe,2020-09-01,2021-08-31,2021-09-01,True,False,0.2,"['ADBE', 'AMD', 'AMT', 'COP', 'CVX', 'DD', 'DIS', 'DOW', 'INTC', 'KO', 'MMM', 'MRK', 'MS', 'NEM', 'O', 'OXY', 'PLD', 'QCOM', 'SBUX', 'SLB', 'SO', 'T', 'TMUS', 'TTWO', 'UPS', 'USB', 'V', 'WFC', 'WMT', 'XOM', 'BCH-USD', 'EOS-USD', 'LTC-USD', 'XLM-USD', 'XRP-USD']",0.20746296398286262,
combined_max_sharpe,combined,max_sharpe,2020-10-01,2021-09-30,2021-10-01,True,False,0.2,"['AMD', 'AMGN', 'COP', 'CVX', 'D', 'DD', 'INTC', 'KO', 'MRK', 'NEM', 'NKE', 'O', 'QCOM', 'SBUX', 'SLB', 'SO', 'T', 'TMUS', 'UPS', 'V', 'WMT', 'EOS-USD', 'ETH-USD', 'TRX-USD', 'XLM-USD', 'XRP-USD']",0.45452246179858546,
combined_max_sharpe,combined,max_sharpe,2020-10-30,2021-10-29,2021-11-01,True,False,0.2,"['ADBE', 'AMT', 'CCI', 'CMCSA', 'CVX', 'D', 'GE', 'GILD', 'KO', 'MS', 'NEE', 'NKE', 'NUE', 'SBUX', 'TMUS', 'TTWO', 'UPS', 'XOM', 'LTC-USD', 'TRX-USD', 'XRP-USD']",0.43575464996392765,
combined_max_sharpe,combined,max_sharpe,2020-12-01,2021-11-30,2021-12-01,True,False,0.2,"['ABBV', 'ADBE', 'AEP', 'CAT', 'DD', 'DIS', 'DOW', 'GE', 'INTC', 'KO', 'MMM', 'MRK', 'MS', 'OXY', 'QCOM', 'SLB', 'T', 'TMUS', 'TTWO', 'V', 'WMT', 'BTC-USD', 'ETH-USD', 'TRX-USD', 'XLM-USD', 'XRP-USD']",0.2605075635595163,
combined_max_sharpe,combined,max_sharpe,2021-01-04,2021-12-31,2022-01-03,True,False,0.2,"['ADBE', 'AEP', 'AMD', 'AMT', 'BA', 'CMCSA', 'D', 'DOW', 'EA', 'GS', 'MRK', 'NEM', 'ETH-USD', 'LTC-USD', 'XLM-USD', 'XRP-USD']",0.2622243874163033,
combined_max_sharpe,combined,max_sharpe,2021-02-02,2022-01-31,2022-02-01,True,False,0.2,"['AMT', 'BA', 'CAT', 'CVX', 'D', 'DD', 'DIS', 'DOW', 'GE', 'GILD', 'GS', 'INTC', 'MRK', 'MS', 'OXY', 'QCOM', 'SHW', 'SLB', 'T', 'TMUS', 'UPS', 'USB', 'XOM', 'ADA-USD', 'BCH-USD', 'BTC-USD', 'EOS-USD', 'ETH-USD', 'LTC-USD', 'TRX-USD', 'XLM-USD', 'XRP-USD']",0.3180625448551564,
combined_max_sharpe,combined,max_sharpe,2021-03-02,2022-02-28,2022-03-01,True,False,0.2,"['ABT', 'ADBE', 'AMT', 'CAT', 'CCI', 'D', 'DD', 'DUK', 'EA', 'GE', 'INTC', 'MRK', 'NKE', 'O', 'OXY', 'QCOM', 'SBUX', 'SLB', 'UPS', 'USB', 'V', 'WFC', 'XOM', 'ADA-USD', 'BCH-USD', 'EOS-USD', 'ETH-USD', 'TRX-USD', 'XRP-USD']",0.2099445255070847,
combined_max_sharpe,combined,max_sharpe,2021-04-05,2022-03-31,2022-04-01,True,False,0.2,"['D', 'DD', 'DIS', 'DOW', 'GE', 'GS', 'INTC', 'KO', 'MMM', 'MRK', 'NKE', 'SBUX', 'SHW', 'SLB', 'TMUS', 'WFC', 'WMT', 'ADA-USD', 'TRX-USD', 'XRP-USD']",0.2446743775234441,
combined_max_sharpe,combined,max_sharpe,2021-05-03,2022-04-29,2022-05-02,True,False,0.2,"['ADBE', 'AMD', 'CAT', 'CCI', 'CMCSA', 'DIS', 'DOW', 'GE', 'GS', 'INTC', 'MMM', 'MS', 'NKE', 'NVDA', 'QCOM', 'SBUX', 'SHW', 'SLB', 'T', 'TTWO', 'UPS', 'USB', 'V', 'WFC', 'XOM', 'ADA-USD', 'BCH-USD', 'BTC-USD', 'EOS-USD', 'LTC-USD', 'TRX-USD', 'XLM-USD', 'XRP-USD']",0.31434034309908343,
combined_max_sharpe,combined,max_sharpe,2021-06-02,2022-05-31,2022-06-01,True,False,0.2,"['AMT', 'BA', 'DD', 'DUK', 'GE', 'GS', 'MMM', 'MS', 'NEM', 'NUE', 'NVDA', 'O', 'QCOM', 'SLB', 'TTWO', 'UPS', 'USB', 'WFC', 'XOM', 'ADA-USD', 'BCH-USD', 'BTC-USD', 'EOS-USD', 'ETC-USD', 'ETH-USD', 'LTC-USD', 'TRX-USD', 'XLM-USD', 'XRP-USD']",0.5471908175615185,
combined_max_sharpe,combined,max_sharpe,2021-07-01,2022-06-30,2022-07-01,True,False,0.2,"['ABT', 'ADBE', 'AMGN', 'BA', 'CAT', 'CMCSA', 'DD', 'DIS', 'DOW', 'GE', 'GS', 'INTC', 'MMM', 'MS', 'NKE', 'NUE', 'O', 'SBUX', 'SLB', 'TTWO', 'UPS', 'USB', 'V', 'WFC', 'WMT', 'XOM', 'ADA-USD', 'BCH-USD', 'BTC-USD', 'EOS-USD', 'ETC-USD', 'ETH-USD', 'LTC-USD', 'TRX-USD', 'XLM-USD', 'XRP-USD']",0.2682190230221993,
combined_max_sharpe,combined,max_sharpe,2021-07-30,2022-07-29,2022-08-01,True,False,0.2,"['ABT', 'ADBE', 'AEP', 'AMD', 'AMT', 'BA', 'CAT', 'CCI', 'CMCSA', 'COP', 'D', 'DD', 'DIS', 'DOW', 'GE', 'INTC', 'MMM', 'MS', 'NEE', 'NEM', 'NKE', 'NVDA', 'O', 'PSA', 'QCOM', 'SBUX', 'SLB', 'T', 'TMUS', 'USB', 'V', 'WFC', 'ADA-USD', 'BCH-USD', 'BTC-USD', 'EOS-USD', 'ETC-USD', 'ETH-USD', 'LTC-USD', 'TRX-USD', 'XLM-USD', 'XRP-USD']",0.14291077025440974,
combined_max_sharpe,combined,max_sharpe,2021-09-01,2022-08-31,2022-09-01,True,False,0.2,"['ABT', 'AEP', 'AMT', 'BA', 'CCI', 'CMCSA', 'DD', 'DUK', 'EA', 'GILD', 'MS', 'NEE', 'O', 'QCOM', 'SBUX', 'SHW', 'T', 'TMUS', 'TTWO', 'UPS', 'USB', 'V', 'WFC', 'WMT']",0.24297836019516744,
combined_max_sharpe,combined,max_sharpe,2021-10-01,2022-09-30,2022-10-03,True,False,0.2,"['ADBE', 'AMD', 'CAT', 'CMCSA', 'D', 'DUK', 'MMM', 'NEE', 'NEM', 'NVDA', 'O', 'PSA', 'QCOM', 'T', 'USB', 'V', 'WFC', 'WMT', 'BCH-USD', 'ETC-USD', 'LTC-USD', 'XRP-USD']",0.2098210275872126,
combined_max_sharpe,combined,max_sharpe,2021-11-01,2022-10-31,2022-11-01,True,False,0.2,"['AMD', 'BA', 'CAT', 'D', 'DD', 'DOW', 'DUK', 'GE', 'GS', 'INTC', 'MMM', 'MS', 'NKE', 'NUE', 'NVDA', 'QCOM', 'SBUX', 'SLB', 'SO', 'TTWO', 'USB', 'ADA-USD', 'BCH-USD', 'BTC-USD', 'EOS-USD', 'ETC-USD', 'ETH-USD', 'LTC-USD', 'TRX-USD', 'XLM-USD', 'XRP-USD']",0.3781817279866973,
combined_max_sharpe,combined,max_sharpe,2021-12-01,2022-11-30,2022-12-01,True,False,0.2,"['AMT', 'D', 'DD', 'DUK', 'EA', 'MMM', 'MS', 'NEE', 'O', 'SBUX', 'SHW', 'SO', 'UPS', 'WMT']",0.1989844025494764,
combined_max_sharpe,combined,max_sharpe,2021-12-31,2022-12-30,2023-01-03,True,False,0.2,"['ABT', 'ADBE', 'AMT', 'BA', 'CAT', 'CCI', 'CMCSA', 'D', 'DD', 'DOW', 'DUK', 'EA', 'GS', 'KO', 'MS', 'NEM', 'O', 'SHW', 'SO', 'T', 'TMUS', 'UPS', 'V', 'WFC', 'WMT', 'XRP-USD']",0.1364918635611547,
combined_max_sharpe,combined,max_sharpe,2022-01-31,2023-01-31,2023-02-01,True,False,0.2,"['ABT', 'ADBE', 'AMD', 'AMGN', 'AMT', 'CAT', 'CCI', 'CMCSA', 'COP', 'CVX', 'D', 'DD', 'DIS', 'DOW', 'GS', 'INTC', 'MMM', 'MS', 'NEM', 'NKE', 'NVDA', 'PLD', 'PSA', 'QCOM', 'SHW', 'SLB', 'TTWO', 'UPS', 'USB', 'V', 'WFC', 'ADA-USD', 'BCH-USD', 'BTC-USD', 'EOS-USD', 'ETH-USD', 'LTC-USD', 'TRX-USD', 'XLM-USD']",0.41752743556693045,
combined_max_sharpe,combined,max_sharpe,2022-02-28,2023-02-28,2023-03-01,True,False,0.2,"['ABT', 'AEP', 'AMT', 'BA', 'DOW', 'GE', 'GS', 'MS', 'NEE', 'NEM', 'NVDA', 'TMUS', 'ETC-USD', 'TRX-USD', 'XLM-USD']",0.27169217229392306,
combined_max_sharpe,combined,max_sharpe,2022-03-31,2023-03-31,2023-04-03,True,False,0.2,"['ABBV', 'ABT', 'ADBE', 'AEP', 'AMD', 'AMT', 'BA', 'CAT', 'CCI', 'CMCSA', 'COP', 'CVX', 'D', 'DD', 'DIS', 'DOW', 'DUK', 'EA', 'GS', 'INTC', 'MMM', 'MS', 'NEE', 'NEM', 'NKE', 'NUE', 'NVDA', 'O', 'OXY', 'PLD', 'PSA', 'QCOM', 'SHW', 'SLB', 'SO', 'TTWO', 'UPS', 'USB', 'V', 'WFC', 'ADA-USD', 'BCH-USD', 'BTC-USD', 'EOS-USD', 'ETC-USD', 'ETH-USD', 'LTC-USD', 'TRX-USD', 'XLM-USD', 'XRP-USD']",0.2937676629946617,
combined_max_sharpe,combined,max_sharpe,2022-04-28,2023-04-28,2023-05-01,True,False,0.2,"['AEP', 'TMUS', 'WMT']",0.15153742666012446,
combined_max_sharpe,combined,max_sharpe,2022-05-31,2023-05-31,2023-06-01,True,False,0.2,"['ABBV', 'CAT', 'CCI', 'DD', 'DIS', 'DOW', 'DUK', 'EA', 'GS', 'INTC', 'MMM', 'MS', 'NEE', 'NKE', 'O', 'PLD', 'PSA', 'QCOM', 'SBUX', 'SHW', 'SO', 'T', 'UPS', 'V', 'ADA-USD', 'BCH-USD', 'BTC-USD', 'ETH-USD']",0.4486165169578228,
combined_max_sharpe,combined,max_sharpe,2022-06-30,2023-06-30,2023-07-03,True,False,0.2,"['ABBV', 'ABT', 'CMCSA', 'CVX', 'DD', 'DOW', 'DUK', 'EA', 'GS', 'MS', 'NEE', 'O', 'PSA', 'SHW', 'T', 'TMUS', 'TTWO', 'WFC', 'XOM']",0.18776719034195183,
combined_max_sharpe,combined,max_sharpe,2022-07-29,2023-07-31,2023-08-01,True,False,0.2,"['ABBV', 'ADBE', 'AEP', 'AMD', 'AMGN', 'AMT', 'BA', 'CAT', 'CCI', 'CMCSA', 'D', 'DD', 'DIS', 'DOW', 'GS', 'INTC', 'MMM', 'MS', 'NKE', 'NUE', 'OXY', 'PSA', 'QCOM', 'SBUX', 'TTWO', 'USB', 'WFC', 'ADA-USD', 'BTC-USD', 'EOS-USD', 'ETC-USD', 'ETH-USD', 'LTC-USD', 'XLM-USD']",0.09592859403294915,
combined_max_sharpe,combined,max_sharpe,2022-08-31,2023-08-31,2023-09-01,True,False,0.2,"['ABT', 'AEP', 'AMD', 'AMGN', 'CCI', 'CMCSA', 'D', 'DIS', 'DOW', 'DUK', 'EA', 'INTC', 'MMM', 'NEE', 'NKE', 'NUE', 'QCOM', 'SBUX', 'SO', 'T', 'TMUS', 'TTWO', 'USB', 'ADA-USD', 'BTC-USD', 'EOS-USD', 'ETC-USD', 'ETH-USD', 'LTC-USD', 'XLM-USD']",0.13925509987227042,
combined_max_sharpe,combined,max_sharpe,2022-09-29,2023-09-29,2023-10-02,True,False,0.2,"['ABT', 'ADBE', 'AEP', 'AMD', 'AMT', 'COP', 'DIS', 'DOW', 'EA', 'GILD', 'MMM', 'MS', 'NEE', 'NEM', 'NKE', 'PSA', 'QCOM', 'SBUX', 'UPS', 'USB', 'V', 'WFC', 'XOM', 'ADA-USD', 'BTC-USD', 'EOS-USD', 'ETC-USD', 'ETH-USD', 'LTC-USD', 'XLM-USD']",0.2382128746975231,
combined_max_sharpe,combined,max_sharpe,2022-10-31,2023-10-31,2023-11-01,True,False,0.2,"['AEP', 'AMGN', 'AMT', 'CCI', 'COP', 'CVX', 'DIS', 'DOW', 'GILD', 'KO', 'NEE', 'NEM', 'O', 'PSA', 'SBUX', 'SHW', 'SLB', 'SO', 'T', 'TMUS', 'TTWO', 'USB', 'V', 'XOM', 'LTC-USD', 'TRX-USD']",0.30252993634031955,
combined_max_sharpe,combined,max_sharpe,2022-11-30,2023-11-30,2023-12-01,True,False,0.2,"['ABT', 'AEP', 'AMD', 'AMT', 'DD', 'DOW', 'EA', 'GS', 'MMM', 'MRK', 'MS', 'NKE', 'NUE', 'QCOM', 'SBUX', 'SHW', 'SLB', 'TMUS', 'USB', 'WFC', 'ADA-USD', 'EOS-USD', 'ETH-USD', 'LTC-USD', 'TRX-USD', 'XLM-USD']",0.5331091883441854,
combined_min_cvar,combined,min_cvar,2020-01-03,2020-12-31,2021-01-04,True,False,0.2,"['ABT', 'ADBE', 'AEP', 'AMD', 'AMGN', 'AMT', 'BA', 'CAT', 'CCI', 'CMCSA', 'COP', 'CVX', 'D', 'DD', 'DIS', 'DOW', 'DUK', 'EA', 'GE', 'GS', 'INTC', 'KO', 'MMM', 'MS', 'NEE', 'NUE', 'NVDA', 'O', 'OXY', 'PLD', 'PSA', 'QCOM', 'SBUX', 'SHW', 'SLB', 'SO', 'T', 'TMUS', 'UPS', 'USB', 'V', 'WFC', 'XOM', 'ADA-USD', 'BCH-USD', 'BTC-USD', 'EOS-USD', 'ETC-USD', 'ETH-USD', 'LTC-USD', 'TRX-USD', 'XLM-USD', 'XRP-USD']",,
combined_min_cvar,combined,min_cvar,2020-01-31,2021-01-29,2021-02-01,True,False,0.2,"['ABT', 'ADBE', 'AEP', 'AMD', 'AMGN', 'AMT', 'BA', 'CAT', 'CCI', 'CMCSA', 'COP', 'CVX', 'D', 'DD', 'DIS', 'DOW', 'DUK', 'GS', 'INTC', 'KO', 'MS', 'NEE', 'NKE', 'NUE', 'NVDA', 'O', 'OXY', 'PLD', 'PSA', 'QCOM', 'SBUX', 'SHW', 'SLB', 'SO', 'T', 'TMUS', 'UPS', 'USB', 'V', 'WFC', 'XOM', 'ADA-USD', 'BCH-USD', 'BTC-USD', 'EOS-USD', 'ETC-USD', 'ETH-USD', 'LTC-USD', 'TRX-USD', 'XLM-USD', 'XRP-USD']",0.132306700499517,
combined_min_cvar,combined,min_cvar,2020-02-28,2021-02-26,2021-03-01,True,False,0.2,"['ABT', 'ADBE', 'AEP', 'AMD', 'AMGN', 'AMT', 'BA', 'CAT', 'CCI', 'CMCSA', 'COP', 'CVX', 'D', 'DD', 'DIS', 'DOW', 'DUK', 'EA', 'GS', 'INTC', 'KO', 'MS', 'NEE', 'NUE', 'NVDA', 'O', 'OXY', 'PLD', 'QCOM', 'SBUX', 'SHW', 'SLB', 'SO', 'T', 'TMUS', 'UPS', 'USB', 'V', 'WFC', 'XOM', 'ADA-USD', 'BCH-USD', 'BTC-USD', 'EOS-USD', 'ETC-USD', 'ETH-USD', 'LTC-USD', 'TRX-USD', 'XLM-USD', 'XRP-USD']",0.07071168069844452,
combined_min_cvar,combined,min_cvar,2020-04-01,2021-03-31,2021-04-01,True,False,0.2,"['ABT', 'ADBE', 'AEP', 'AMD', 'AMT', 'BA', 'CAT', 'CCI', 'CMCSA', 'COP', 'CVX', 'DD', 'DIS', 'DOW', 'GE', 'GILD', 'GS', 'INTC', 'KO', 'MRK', 'MS', 'NEE', 'NEM', 'NUE', 'NVDA', 'O', 'OXY', 'PLD', 'QCOM', 'SHW', 'SLB', 'SO', 'T', 'UPS', 'USB', 'V', 'WFC', 'XOM', 'ADA-USD', 'BCH-USD', 'BTC-USD', 'ETC-USD', 'ETH-USD', 'LTC-USD', 'XLM-USD', 'XRP-USD']",0.5614390749554932,
combined_min_cvar,combined,min_cvar,2020-05-01,2021-04-30,2021-05-03,True,False,0.2,"['ABT', 'ADBE', 'AEP', 'AMD', 'AMGN', 'AMT', 'BA', 'CAT', 'CCI', 'CMCSA', 'COP', 'CVX', 'DD', 'DIS', 'DOW', 'GE', 'GS', 'KO', 'MRK', 'MS', 'NEE', 'NEM', 'NUE', 'NVDA', 'O', 'OXY', 'PLD', 'QCOM', 'SLB', 'SO', 'T', 'TMUS', 'UPS', 'USB', 'V', 'WFC', 'XOM', 'ADA-USD', 'BCH-USD', 'BTC-USD', 'EOS-USD', 'ETC-USD', 'ETH-USD', 'LTC-USD', 'XLM-USD', 'XRP-USD']",0.26332082272689916,
combined_min_cvar,combined,min_cvar,2020-06-01,2021-05-28,2021-06-01,True,False,0.2,"['ABT', 'ADBE', 'AEP', 'AMD', 'AMGN', 'AMT', 'BA', 'CAT', 'CCI', 'CMCSA', 'COP', 'CVX', 'DD', 'DIS', 'DOW', 'GE', 'GS', 'INTC', 'KO', 'MRK', 'MS', 'NEE', 'NEM', 'NUE', 'NVDA', 'O', 'OXY', 'PLD', 'QCOM', 'SBUX', 'SLB', 'T', 'TMUS', 'TTWO', 'UPS', 'USB', 'V', 'WFC', 'XOM', 'ADA-USD', 'BCH-USD', 'BTC-USD', 'EOS-USD', 'ETC-USD', 'ETH-USD', 'LTC-USD', 'XLM-USD', 'XRP-USD']",0.22284044097378122,
combined_min_cvar,combined,min_cvar,2020-07-01,2021-06-30,2021-07-01,True,False,0.2,"['ABT', 'ADBE', 'AMD', 'AMGN', 'AMT', 'BA', 'CAT', 'CCI', 'CMCSA', 'COP', 'CVX', 'D', 'DD', 'DIS', 'DOW', 'GE', 'INTC', 'KO', 'MRK', 'MS', 'NEE', 'NEM', 'NUE', 'NVDA', 'O', 'OXY', 'PLD', 'QCOM', 'SBUX', 'SLB', 'TMUS', 'TTWO', 'UPS', 'USB', 'V', 'WFC', 'XOM', 'ADA-USD', 'BCH-USD', 'BTC-USD', 'EOS-USD', 'ETC-USD', 'ETH-USD', 'LTC-USD', 'XLM-USD', 'XRP-USD']",0.4315178247966962,
combined_min_cvar,combined,min_cvar,2020-07-31,2021-07-30,2021-08-02,True,False,0.2,"['ABBV', 'ABT', 'ADBE', 'AMD', 'AMGN', 'AMT', 'BA', 'CAT', 'CCI', 'CMCSA', 'COP', 'CVX', 'D', 'DD', 'DIS', 'DOW', 'GE', 'INTC', 'KO', 'MRK', 'MS', 'NEE', 'NEM', 'NUE', 'NVDA', 'O', 'PLD', 'QCOM', 'SBUX', 'SLB', 'TMUS', 'TTWO', 'UPS', 'USB', 'V', 'WFC', 'XOM', 'ADA-USD', 'BCH-USD', 'BTC-USD', 'EOS-USD', 'ETC-USD', 'ETH-USD', 'LTC-USD', 'XLM-USD', 'XRP-USD']",0.13737548141592362,
combined_min_cvar,combined,min_cvar,2020-09-01,2021-08-31,2021-09-01,True,False,0.2,"['ABBV', 'ABT', 'ADBE', 'AMD', 'AMGN', 'AMT', 'BA', 'CAT', 'CCI', 'CMCSA', 'COP', 'CVX', 'D', 'DD', 'DIS', 'DOW', 'GE', 'GS', 'INTC', 'KO', 'MRK', 'MS', 'NEE', 'NEM', 'NUE', 'NVDA', 'O', 'PLD', 'QCOM', 'SBUX', 'SLB', 'TMUS', 'UPS', 'USB', 'V', 'WFC', 'XOM', 'ADA-USD', 'BCH-USD', 'BTC-USD', 'EOS-USD', 'ETC-USD', 'ETH-USD', 'LTC-USD', 'XLM-USD', 'XRP-USD']",0.19788691202922465,
combined_min_cvar,combined,min_cvar,2020-10-01,2021-09-30,2021-10-01,True,False,0.2,"['ABBV', 'ADBE', 'AMD', 'AMGN', 'AMT', 'BA', 'CAT', 'CCI', 'CMCSA', 'COP', 'CVX', 'D', 'DD', 'DIS', 'DOW', 'DUK', 'GS', 'INTC', 'KO', 'MRK', 'MS', 'NEM', 'NUE', 'NVDA', 'O', 'OXY', 'PLD', 'QCOM', 'SBUX', 'SLB', 'TMUS', 'UPS', 'USB', 'V', 'WFC', 'XOM', 'ADA-USD', 'BCH-USD', 'BTC-USD', 'EOS-USD', 'ETC-USD', 'ETH-USD', 'LTC-USD', 'TRX-USD', 'XLM-USD', 'XRP-USD']",0.2965019697444445,
combined_min_cvar,combined,min_cvar,2020-10-30,2021-10-29,2021-11-01,True,False,0.2,"['ABBV', 'ADBE', 'AEP', 'AMD', 'AMGN', 'AMT', 'BA', 'CAT', 'CMCSA', 'CVX', 'D', 'DD', 'DIS', 'DOW', 'GS', 'INTC', 'MS', 'NEE', 'NEM', 'NUE', 'NVDA', 'O', 'OXY', 'PLD', 'QCOM', 'SBUX', 'SLB', 'SO', 'T', 'TMUS', 'TTWO', 'UPS', 'USB', 'V', 'XOM', 'ADA-USD', 'BCH-USD', 'BTC-USD', 'EOS-USD', 'ETC-USD', 'ETH-USD', 'LTC-USD', 'TRX-USD', 'XLM-USD', 'XRP-USD']",0.3169543655907352,
combined_min_cvar,combined,min_cvar,2020-12-01,2021-11-30,2021-12-01,True,False,0.2,"['ABBV', 'ADBE', 'AEP', 'AMD', 'AMGN', 'AMT', 'BA', 'CAT', 'CCI', 'CMCSA', 'COP', 'D', 'DD', 'DIS', 'DOW', 'DUK', 'GE', 'GS', 'INTC', 'KO', 'MS', 'NEE', 'NEM', 'NKE', 'NUE', 'NVDA', 'OXY', 'PLD', 'QCOM', 'SLB', 'SO', 'TMUS', 'TTWO', 'UPS', 'USB', 'V', 'WFC', 'WMT', 'XOM', 'ADA-USD', 'BCH-USD', 'BTC-USD', 'EOS-USD', 'ETC-USD', 'ETH-USD', 'LTC-USD', 'TRX-USD', 'XLM-USD', 'XRP-USD']",0.34735132084659326,
combined_min_cvar,combined,min_cvar,2021-01-04,2021-12-31,2022-01-03,True,False,0.2,"['ABBV', 'ADBE', 'AEP', 'AMD', 'AMGN', 'AMT', 'BA', 'CAT', 'CCI', 'CMCSA', 'COP', 'D', 'DD', 'DIS', 'DOW', 'DUK', 'GE', 'GS', 'INTC', 'KO', 'MS', 'NEE', 'NEM', 'NUE', 'NVDA', 'OXY', 'PLD', 'QCOM', 'SBUX', 'SLB', 'SO', 'TMUS', 'UPS', 'USB', 'V', 'WFC', 'WMT', 'XOM', 'ADA-USD', 'BCH-USD', 'BTC-USD', 'EOS-USD', 'ETC-USD', 'ETH-USD', 'LTC-USD', 'TRX-USD', 'XLM-USD', 'XRP-USD']",0.1273502064994652,
combined_min_cvar,combined,min_cvar,2021-02-02,2022-01-31,2022-02-01,True,False,0.2,"['ADBE', 'AEP', 'AMD', 'AMGN', 'AMT', 'BA', 'CAT', 'CCI', 'CMCSA', 'COP', 'D', 'DD', 'DIS', 'DOW', 'DUK', 'GE', 'GS', 'KO', 'MMM', 'NEE', 'NEM', 'NUE', 'NVDA', 'O', 'OXY', 'PLD', 'QCOM', 'SLB', 'SO', 'TMUS', 'UPS', 'USB', 'WFC', 'WMT', 'XOM', 'ADA-USD', 'BCH-USD', 'BTC-USD', 'EOS-USD', 'ETC-USD', 'ETH-USD', 'LTC-USD', 'TRX-USD', 'XLM-USD', 'XRP-USD']",0.32090766960176165,
combined_min_cvar,combined,min_cvar,2021-03-02,2022-02-28,2022-03-01,True,False,0.2,"['ADBE', 'AEP', 'AMD', 'AMGN', 'AMT', 'BA', 'CAT', 'CCI', 'CMCSA', 'COP', 'CVX', 'D', 'DD', 'DOW', 'DUK', 'GE', 'GS', 'INTC', 'MMM', 'MS', 'NEE', 'NEM', 'NUE', 'NVDA', 'O', 'PLD', 'QCOM', 'SBUX', 'SLB', 'T', 'TMUS', 'UPS', 'USB', 'WFC', 'WMT', 'XOM', 'ADA-USD', 'BCH-USD', 'BTC-USD', 'EOS-USD', 'ETC-USD', 'ETH-USD', 'LTC-USD', 'TRX-USD', 'XLM-USD', 'XRP-USD']",0.5552043666269479,
combined_min_cvar,combined,min_cvar,2021-04-05,2022-03-31,2022-04-01,True,False,0.2,"['ABT', 'ADBE', 'AEP', 'AMD', 'AMGN', 'AMT', 'BA', 'CCI', 'CMCSA', 'COP', 'D', 'DD', 'DOW', 'DUK', 'GE', 'GS', 'INTC', 'KO', 'MMM', 'MS', 'NKE', 'NUE', 'NVDA', 'O', 'OXY', 'PLD', 'QCOM', 'SBUX', 'SLB', 'T', 'UPS', 'USB', 'V', 'WFC', 'XOM', 'ADA-USD', 'BCH-USD', 'BTC-USD', 'EOS-USD', 'ETC-USD', 'ETH-USD', 'LTC-USD', 'TRX-USD', 'XLM-USD', 'XRP-USD']",0.4681392328762156,
combined_min_cvar,combined,min_cvar,2021-05-03,2022-04-29,2022-05-02,True,False,0.2,"['ABT', 'ADBE', 'AEP', 'AMD', 'AMGN', 'AMT', 'BA', 'CCI', 'CMCSA', 'COP', 'CVX', 'D', 'DD', 'DOW', 'DUK', 'GE', 'GS', 'INTC', 'MMM', 'MS', 'NEE', 'NKE', 'NUE', 'NVDA', 'O', 'OXY', 'PLD', 'PSA', 'QCOM', 'T', 'UPS', 'USB', 'V', 'WFC', 'XOM', 'ADA-USD', 'BCH-USD', 'BTC-USD', 'EOS-USD', 'ETC-USD', 'ETH-USD', 'LTC-USD', 'TRX-USD', 'XLM-USD', 'XRP-USD']",0.3809461318544003,
combined_min_cvar,combined,min_cvar,2021-06-02,2022-05-31,2022-06-01,True,False,0.2,"['ABBV', 'ABT', 'ADBE', 'AMD', 'AMGN', 'AMT', 'BA', 'CCI', 'CMCSA', 'COP', 'CVX', 'D', 'DD', 'DOW', 'DUK', 'GS', 'INTC', 'KO', 'MMM', 'MS', 'NEE', 'NKE', 'NUE', 'NVDA', 'O', 'OXY', 'PLD', 'PSA', 'QCOM', 'SBUX', 'T', 'TMUS', 'UPS', 'USB', 'V', 'WFC', 'WMT', 'XOM', 'ADA-USD', 'BCH-USD', 'BTC-USD', 'EOS-USD', 'ETC-USD', 'ETH-USD', 'LTC-USD', 'TRX-USD', 'XLM-USD', 'XRP-USD']",0.2928523938025589,
combined_min_cvar,combined,min_cvar,2021-07-01,2022-06-30,2022-07-01,True,False,0.2,"['ABBV', 'ABT', 'ADBE', 'AEP', 'AMD', 'AMT', 'BA', 'CAT', 'CCI', 'CMCSA', 'COP', 'DD', 'DOW', 'DUK', 'GE', 'GS', 'INTC', 'KO', 'MS', 'NEE', 'NKE', 'NUE', 'NVDA', 'OXY', 'PLD', 'PSA', 'QCOM', 'SLB', 'T', 'TMUS', 'UPS', 'USB', 'V', 'WFC', 'XOM', 'ADA-USD', 'BCH-USD', 'BTC-USD', 'EOS-USD', 'ETC-USD', 'ETH-USD', 'LTC-USD', 'TRX-USD', 'XLM-USD', 'XRP-USD']",0.432268384972321,
combined_min_cvar,combined,min_cvar,2021-07-30,2022-07-29,2022-08-01,True,False,0.2,"['ABBV', 'ABT', 'ADBE', 'AEP', 'AMD', 'AMT', 'BA', 'CAT', 'CCI', 'CMCSA', 'COP', 'DD', 'DOW', 'DUK', 'GE', 'GS', 'INTC', 'KO', 'MS', 'NEE', 'NKE', 'NUE', 'NVDA', 'OXY', 'PLD', 'PSA', 'QCOM', 'SLB', 'T', 'TMUS', 'UPS', 'USB', 'V', 'WFC', 'XOM', 'ADA-USD', 'BCH-USD', 'BTC-USD', 'EOS-USD', 'ETC-USD', 'ETH-USD', 'LTC-USD', 'TRX-USD', 'XLM-USD', 'XRP-USD']",0.05627598690037519,
combined_min_cvar,combined,min_cvar,2021-09-01,2022-08-31,2022-09-01,True,False,0.2,"['ABBV', 'ABT', 'ADBE', 'AEP', 'AMD', 'AMT', 'BA', 'CAT', 'CCI', 'CMCSA', 'DD', 'DIS', 'DOW', 'DUK', 'GE', 'GS', 'INTC', 'MMM', 'MS', 'NEE', 'NKE', 'NUE', 'NVDA', 'O', 'OXY', 'PLD', 'PSA', 'QCOM', 'SLB', 'TMUS', 'UPS', 'USB', 'V', 'WFC', 'XOM', 'ADA-USD', 'BCH-USD', 'BTC-USD', 'EOS-USD', 'ETC-USD', 'ETH-USD', 'LTC-USD', 'TRX-USD', 'XLM-USD', 'XRP-USD']",0.16190622330205157,
combined_min_cvar,combined,min_cvar,2021-10-01,2022-09-30,2022-10-03,True,False,0.2,"['ABT', 'ADBE', 'AEP', 'AMD', 'AMT', 'BA', 'CAT', 'CCI', 'CMCSA', 'COP', 'D', 'DD', 'DIS', 'DOW', 'DUK', 'GE', 'GS', 'INTC', 'MMM', 'MS', 'NEE', 'NKE', 'NUE', 'NVDA', 'O', 'OXY', 'PLD', 'PSA', 'QCOM', 'SHW', 'SLB', 'SO', 'TMUS', 'UPS', 'USB', 'V', 'WFC', 'XOM', 'ADA-USD', 'BCH-USD', 'BTC-USD', 'EOS-USD', 'ETC-USD', 'ETH-USD', 'LTC-USD', 'TRX-USD', 'XLM-USD', 'XRP-USD']",0.4161504149177458,
combined_min_cvar,combined,min_cvar,2021-11-01,2022-10-31,2022-11-01,True,False,0.2,"['ABT', 'ADBE', 'AEP', 'AMD', 'AMT', 'BA', 'CAT', 'CCI', 'CMCSA', 'COP', 'D', 'DD', 'DIS', 'DOW', 'DUK', 'GE', 'GS', 'INTC', 'MMM', 'MS', 'NEE', 'NKE', 'NUE', 'NVDA', 'OXY', 'PLD', 'PSA', 'QCOM', 'SLB', 'SO', 'T', 'TMUS', 'UPS', 'USB', 'V', 'WFC', 'XOM', 'ADA-USD', 'BCH-USD', 'BTC-USD', 'EOS-USD', 'ETC-USD', 'ETH-USD', 'LTC-USD', 'TRX-USD', 'XLM-USD', 'XRP-USD']",0.13653995246495998,
combined_min_cvar,combined,min_cvar,2021-12-01,2022-11-30,2022-12-01,True,False,0.2,"['ABT', 'ADBE', 'AEP', 'AMD', 'AMT', 'BA', 'CAT', 'CCI', 'CMCSA', 'COP', 'D', 'DD', 'DIS', 'DOW', 'DUK', 'GE', 'GILD', 'GS', 'INTC', 'MMM', 'MS', 'NEE', 'NKE', 'NUE', 'NVDA', 'OXY', 'PLD', 'PSA', 'QCOM', 'SBUX', 'SLB', 'SO', 'TMUS', 'TTWO', 'UPS', 'USB', 'V', 'WFC', 'XOM', 'ADA-USD', 'BCH-USD', 'BTC-USD', 'EOS-USD', 'ETH-USD', 'LTC-USD', 'TRX-USD', 'XLM-USD', 'XRP-USD']",0.2631647178747624,
combined_min_cvar,combined,min_cvar,2021-12-31,2022-12-30,2023-01-03,True,False,0.2,"['ABT', 'ADBE', 'AEP', 'AMD', 'AMT', 'BA', 'CAT', 'CCI', 'CMCSA', 'COP', 'CVX', 'D', 'DD', 'DIS', 'DOW', 'GE', 'GILD', 'GS', 'INTC', 'MS', 'NEE', 'NEM', 'NKE', 'NUE', 'NVDA', 'OXY', 'PLD', 'PSA', 'QCOM', 'SBUX', 'SHW', 'SLB', 'SO', 'T', 'TMUS', 'TTWO', 'UPS', 'USB', 'V', 'WFC', 'ADA-USD', 'BCH-USD', 'BTC-USD', 'EOS-USD', 'ETC-USD', 'ETH-USD', 'LTC-USD', 'XLM-USD', 'XRP-USD']",0.15041672239745604,
combined_min_cvar,combined,min_cvar,2022-01-31,2023-01-31,2023-02-01,True,False,0.2,"['ABT', 'ADBE', 'AEP', 'AMD', 'AMT', 'BA', 'CAT', 'CCI', 'CMCSA', 'CVX', 'DD', 'DIS', 'DOW', 'DUK', 'GE', 'GILD', 'GS', 'INTC', 'MMM', 'MS', 'NEE', 'NEM', 'NKE', 'NUE', 'NVDA', 'OXY', 'PLD', 'PSA', 'QCOM', 'SBUX', 'SHW', 'SLB', 'SO', 'T', 'TMUS', 'TTWO', 'UPS', 'USB', 'V', 'WFC', 'ADA-USD', 'BCH-USD', 'BTC-USD', 'EOS-USD', 'ETC-USD', 'ETH-USD', 'LTC-USD', 'TRX-USD', 'XLM-USD', 'XRP-USD']",0.16239844186046784,
combined_min_cvar,combined,min_cvar,2022-02-28,2023-02-28,2023-03-01,True,False,0.2,"['ABBV', 'ABT', 'ADBE', 'AEP', 'AMD', 'AMT', 'BA', 'CAT', 'CCI', 'CMCSA', 'COP', 'CVX', 'D', 'DD', 'DIS', 'DOW', 'GE', 'GS', 'INTC', 'KO', 'MMM', 'MS', 'NEE', 'NKE', 'NUE', 'NVDA', 'OXY', 'PLD', 'PSA', 'QCOM', 'SHW', 'SLB', 'TMUS', 'UPS', 'USB', 'V', 'WFC', 'ADA-USD', 'BCH-USD', 'BTC-USD', 'EOS-USD', 'ETC-USD', 'ETH-USD', 'LTC-USD', 'TRX-USD', 'XLM-USD', 'XRP-USD']",0.2530618753765561,
combined_min_cvar,combined,min_cvar,2022-03-31,2023-03-31,2023-04-03,True,False,0.2,"['ABBV', 'ADBE', 'AEP', 'AMD', 'AMT', 'BA', 'CAT', 'CCI', 'CMCSA', 'CVX', 'D', 'DD', 'DIS', 'DOW', 'GE', 'GILD', 'GS', 'INTC', 'KO', 'MMM', 'MS', 'NEE', 'NKE', 'NUE', 'NVDA', 'OXY', 'PLD', 'PSA', 'QCOM', 'SHW', 'SLB', 'TMUS', 'TTWO', 'UPS', 'USB', 'V', 'WFC', 'ADA-USD', 'BCH-USD', 'BTC-USD', 'EOS-USD', 'ETC-USD', 'ETH-USD', 'LTC-USD', 'TRX-USD', 'XLM-USD', 'XRP-USD']",0.15731762457187,
combined_min_cvar,combined,min_cvar,2022-04-28,2023-04-28,2023-05-01,True,False,0.2,"['ABBV', 'ABT', 'ADBE', 'AEP', 'AMD', 'AMT', 'BA', 'CAT', 'CCI', 'CMCSA', 'CVX', 'D', 'DD', 'DIS', 'DOW', 'GE', 'GILD', 'GS', 'INTC', 'KO', 'MMM', 'MS', 'NEE', 'NKE', 'NUE', 'NVDA', 'OXY', 'PLD', 'PSA', 'QCOM', 'SHW', 'SLB', 'SO', 'TMUS', 'TTWO', 'UPS', 'USB', 'V', 'WFC', 'ADA-USD', 'BCH-USD', 'BTC-USD', 'EOS-USD', 'ETC-USD', 'ETH-USD', 'LTC-USD', 'TRX-USD', 'XLM-USD', 'XRP-USD']",0.22495236267680713,
combined_min_cvar,combined,min_cvar,2022-05-31,2023-05-31,2023-06-01,True,False,0.2,"['ABT', 'ADBE', 'AEP', 'AMD', 'AMT', 'BA', 'CAT', 'CCI', 'CMCSA', 'COP', 'CVX', 'DD', 'DIS', 'DOW', 'GE', 'GILD', 'GS', 'INTC', 'MMM', 'MS', 'NEE', 'NEM', 'NKE', 'NUE', 'NVDA', 'OXY', 'PLD', 'PSA', 'QCOM', 'SHW', 'SLB', 'SO', 'T', 'TMUS', 'TTWO', 'USB', 'V', 'WFC', 'XOM', 'ADA-USD', 'BCH-USD', 'BTC-USD', 'EOS-USD', 'ETC-USD', 'ETH-USD', 'LTC-USD', 'TRX-USD', 'XLM-USD', 'XRP-USD']",0.43288996364697396,
combined_min_cvar,combined,min_cvar,2022-06-30,2023-06-30,2023-07-03,True,False,0.2,"['ABT', 'ADBE', 'AEP', 'AMD', 'AMGN', 'AMT', 'BA', 'CAT', 'CCI', 'CMCSA', 'COP', 'CVX', 'D', 'DD', 'DIS', 'DOW', 'GE', 'GILD', 'GS', 'INTC', 'MMM', 'MS', 'NEE', 'NEM', 'NKE', 'NUE', 'NVDA', 'OXY', 'PLD', 'QCOM', 'SHW', 'SLB', 'TTWO', 'UPS', 'USB', 'WFC', 'XOM', 'ADA-USD', 'BCH-USD', 'BTC-USD', 'EOS-USD', 'ETC-USD', 'ETH-USD', 'TRX-USD', 'XLM-USD', 'XRP-USD']",0.2203492130384696,
combined_min_cvar,combined,min_cvar,2022-07-29,2023-07-31,2023-08-01,True,False,0.2,"['ABT', 'ADBE', 'AEP', 'AMD', 'AMGN', 'AMT', 'BA', 'CAT', 'CCI', 'CMCSA', 'COP', 'CVX', 'D', 'DD', 'DIS', 'DOW', 'GE', 'GILD', 'GS', 'INTC', 'MMM', 'MS', 'NEE', 'NEM', 'NKE', 'NUE', 'NVDA', 'OXY', 'PLD', 'QCOM', 'SHW', 'SLB', 'TTWO', 'USB', 'V', 'WFC', 'XOM', 'ADA-USD', 'BCH-USD', 'BTC-USD', 'EOS-USD', 'ETC-USD', 'ETH-USD', 'TRX-USD', 'XLM-USD']",0.10628799423076285,
combined_min_cvar,combined,min_cvar,2022-08-31,2023-08-31,2023-09-01,True,False,0.2,"['ADBE', 'AEP', 'AMD', 'AMGN', 'AMT', 'BA', 'CAT', 'CCI', 'CMCSA', 'COP', 'CVX', 'D', 'DD', 'DIS', 'DOW', 'GILD', 'INTC', 'MMM', 'MS', 'NEE', 'NKE', 'NUE', 'NVDA', 'OXY', 'PLD', 'PSA', 'QCOM', 'SHW', 'SLB', 'SO', 'TTWO', 'UPS', 'USB', 'WFC', 'XOM', 'ADA-USD', 'BCH-USD', 'BTC-USD', 'EOS-USD', 'ETC-USD', 'ETH-USD', 'TRX-USD', 'XLM-USD', 'XRP-USD']",0.27420986701514805,
combined_min_cvar,combined,min_cvar,2022-09-29,2023-09-29,2023-10-02,True,False,0.2,"['ABBV', 'ADBE', 'AEP', 'AMD', 'AMT', 'BA', 'CAT', 'CCI', 'COP', 'CVX', 'D', 'DD', 'DIS', 'DOW', 'DUK', 'GILD', 'INTC', 'MMM', 'MS', 'NEE', 'NKE', 'NUE', 'OXY', 'PLD', 'QCOM', 'SBUX', 'SHW', 'SLB', 'SO', 'T', 'TTWO', 'UPS', 'USB', 'WFC', 'ADA-USD', 'BCH-USD', 'BTC-USD', 'EOS-USD', 'ETC-USD', 'ETH-USD', 'LTC-USD', 'TRX-USD', 'XLM-USD', 'XRP-USD']",0.47234063420278705,
combined_min_cvar,combined,min_cvar,2022-10-31,2023-10-31,2023-11-01,True,False,0.2,"['ABT', 'ADBE', 'AEP', 'AMD', 'AMGN', 'AMT', 'BA', 'CAT', 'CCI', 'COP', 'CVX', 'D', 'DD', 'DIS', 'DOW', 'GE', 'MMM', 'MS', 'NEE', 'NEM', 'NKE', 'NUE', 'O', 'OXY', 'PLD', 'PSA', 'QCOM', 'SBUX', 'SHW', 'SO', 'UPS', 'USB', 'V', 'WFC', 'XOM', 'ADA-USD', 'BCH-USD', 'BTC-USD', 'EOS-USD', 'ETC-USD', 'ETH-USD', 'LTC-USD', 'TRX-USD', 'XLM-USD', 'XRP-USD']",0.3702702516649995,
combined_min_cvar,combined,min_cvar,2022-11-30,2023-11-30,2023-12-01,True,False,0.2,"['ABT', 'ADBE', 'AEP', 'AMD', 'AMGN', 'AMT', 'BA', 'CAT', 'CCI', 'CVX', 'D', 'DD', 'DIS', 'DOW', 'GE', 'MMM', 'MS', 'NEE', 'NEM', 'NKE', 'NUE', 'O', 'OXY', 'PLD', 'PSA', 'QCOM', 'SBUX', 'SHW', 'SLB', 'T', 'TTWO', 'UPS', 'USB', 'WFC', 'XOM', 'ADA-USD', 'BCH-USD', 'BTC-USD', 'EOS-USD', 'ETC-USD', 'ETH-USD', 'LTC-USD', 'TRX-USD', 'XLM-USD', 'XRP-USD']",0.21766711465341498,
combined_min_variance,combined,min_variance,2020-01-03,2020-12-31,2021-01-04,True,False,0.2,"['AMD', 'AMGN', 'AMT', 'BA', 'CCI', 'COP', 'CVX', 'D', 'DIS', 'DOW', 'DUK', 'INTC', 'MS', 'NEE', 'QCOM', 'SLB', 'USB', 'WFC', 'BCH-USD', 'EOS-USD', 'ETC-USD', 'ETH-USD', 'LTC-USD', 'TRX-USD', 'XLM-USD', 'XRP-USD']",,
combined_min_variance,combined,min_variance,2020-01-31,2021-01-29,2021-02-01,True,False,0.2,"['ABT', 'CAT', 'CMCSA', 'COP', 'GE', 'GS', 'MS', 'NKE', 'NVDA', 'O', 'OXY', 'SHW', 'SLB', 'USB', 'WFC', 'ETC-USD', 'ETH-USD', 'LTC-USD', 'TRX-USD', 'XRP-USD']",0.05539827230682878,
combined_min_variance,combined,min_variance,2020-02-28,2021-02-26,2021-03-01,True,False,0.2,"['AMD', 'CAT', 'COP', 'CVX', 'DOW', 'DUK', 'MS', 'NKE', 'NUE', 'QCOM', 'SHW', 'USB', 'WFC', 'ADA-USD', 'ETC-USD', 'ETH-USD', 'LTC-USD', 'XLM-USD']",0.09323098756809509,
combined_min_variance,combined,min_variance,2020-04-01,2021-03-31,2021-04-01,True,False,0.2,"['AEP', 'AMGN', 'CCI', 'DD', 'DUK', 'GE', 'GS', 'NEM', 'NKE', 'O', 'OXY', 'PLD', 'QCOM', 'SBUX', 'TMUS', 'UPS', 'USB', 'V', 'ADA-USD', 'EOS-USD', 'XRP-USD']",0.29913947668336105,
combined_min_variance,combined,min_variance,2020-05-01,2021-04-30,2021-05-03,True,False,0.2,"['ABT', 'AMD', 'AMGN', 'AMT', 'CCI', 'CMCSA', 'COP', 'CVX', 'DD', 'DIS', 'GE', 'KO', 'MS', 'NEE', 'NEM', 'NUE', 'NVDA', 'QCOM', 'SHW', 'SLB', 'SO', 'V', 'XOM', 'BCH-USD', 'EOS-USD', 'ETC-USD', 'LTC-USD', 'XLM-USD', 'XRP-USD']",0.19636437724559824,
combined_min_variance,combined,min_variance,2020-06-01,2021-05-28,2021-06-01,True,False,0.2,"['ABT', 'AMGN', 'AMT', 'COP', 'DOW', 'GS', 'KO', 'MS', 'NEE', 'NEM', 'NUE', 'OXY', 'PLD', 'SBUX', 'SHW', 'SLB', 'SO', 'TMUS', 'USB', 'V', 'ADA-USD', 'BCH-USD', 'BTC-USD', 'EOS-USD', 'ETC-USD', 'ETH-USD', 'XLM-USD', 'XRP-USD']",0.11551643414537333,
combined_min_variance,combined,min_variance,2020-07-01,2021-06-30,2021-07-01,True,False,0.2,"['ADBE', 'CAT', 'COP', 'DOW', 'DUK', 'NEE', 'NVDA', 'O', 'PLD', 'SO', 'TMUS', 'UPS', 'USB', 'XLM-USD']",0.19920241226129337,
combined_min_variance,combined,min_variance,2020-07-31,2021-07-30,2021-08-02,True,False,0.2,"['ADBE', 'AMT', 'CVX', 'D', 'DD', 'INTC', 'KO', 'MS', 'NUE', 'NVDA', 'SO', 'UPS', 'V', 'ADA-USD', 'ETH-USD', 'LTC-USD']",0.07442193517650099,
combined_min_variance,combined,min_variance,2020-09-01,2021-08-31,2021-09-01,True,False,0.2,"['AMGN', 'AMT', 'BA', 'COP', 'DOW', 'GE', 'KO', 'NEE', 'NEM', 'PLD', 'QCOM', 'TMUS', 'V', 'WFC', 'BCH-USD', 'BTC-USD', 'ETH-USD', 'LTC-USD', 'XLM-USD']",0.05472746825634125,
combined_min_variance,combined,min_variance,2020-10-01,2021-09-30,2021-10-01,True,False,0.2,"['AMT', 'BA', 'CAT', 'CVX', 'D', 'DOW', 'NUE', 'NVDA', 'O', 'QCOM', 'SO', 'UPS', 'USB', 'V', 'WFC', 'XOM', 'ADA-USD', 'ETH-USD', 'LTC-USD', 'TRX-USD', 'XLM-USD', 'XRP-USD']",0.194208420261889,
combined_min_variance,combined,min_variance,2020-10-30,2021-10-29,2021-11-01,True,False,0.2,"['AMGN', 'BA', 'CAT', 'DD', 'GE', 'MS', 'NEE', 'NKE', 'NUE', 'PLD', 'SHW', 'SLB', 'BTC-USD', 'EOS-USD', 'XLM-USD', 'XRP-USD']",0.20740564580945867,
combined_min_variance,combined,min_variance,2020-12-01,2021-11-30,2021-12-01,True,False,0.2,"['AMGN', 'AMT', 'BA', 'CMCSA', 'NUE', 'PLD', 'QCOM', 'SLB', 'USB', 'WFC', 'ADA-USD', 'BTC-USD', 'ETH-USD', 'LTC-USD', 'TRX-USD']",0.19459072482353312,
combined_min_variance,combined,min_variance,2021-01-04,2021-12-31,2022-01-03,True,False,0.2,"['AMGN', 'AMT', 'BA', 'CAT', 'CCI', 'CMCSA', 'D', 'DOW', 'MS', 'NEE', 'NVDA', 'QCOM', 'SLB', 'USB', 'WFC', 'XOM', 'ADA-USD', 'BTC-USD', 'EOS-USD', 'ETH-USD', 'LTC-USD']",0.12942276301404915,
combined_min_variance,combined,min_variance,2021-02-02,2022-01-31,2022-02-01,True,False,0.2,"['AMT', 'BA', 'CMCSA', 'COP', 'DD', 'GE', 'NEE', 'NUE', 'NVDA', 'PLD', 'SLB', 'TMUS', 'USB', 'ADA-USD', 'EOS-USD', 'ETH-USD', 'LTC-USD', 'TRX-USD', 'XLM-USD']",0.28713508500033025,
combined_min_variance,combined,min_variance,2021-03-02,2022-02-28,2022-03-01,True,False,0.2,"['CCI', 'CMCSA', 'COP', 'DOW', 'MMM', 'NUE', 'NVDA', 'QCOM', 'SHW', 'SLB', 'T', 'TMUS', 'WFC', 'BCH-USD', 'EOS-USD', 'ETC-USD', 'XRP-USD']",0.2775592258505649,
combined_min_variance,combined,min_variance,2021-04-05,2022-03-31,2022-04-01,True,False,0.2,"['AMGN', 'AMT', 'BA', 'COP', 'GS', 'MMM', 'MS', 'OXY', 'QCOM', 'SBUX', 'V', 'LTC-USD', 'XLM-USD']",0.1373287765239326,
combined_min_variance,combined,min_variance,2021-05-03,2022-04-29,2022-05-02,True,False,0.2,"['ABT', 'AMD', 'AMT', 'BA', 'CMCSA', 'DOW', 'MS', 'NEE', 'NUE', 'NVDA', 'O', 'PSA', 'QCOM', 'T', 'TMUS', 'UPS', 'USB', 'WFC', 'XOM', 'BTC-USD', 'XLM-USD']",0.22771554502359517,
combined_min_variance,combined,min_variance,2021-06-02,2022-05-31,2022-06-01,True,False,0.2,"['ABT', 'ADBE', 'AMT', 'BA', 'CMCSA', 'COP', 'DD', 'GE', 'KO', 'NEE', 'QCOM', 'SBUX', 'T', 'TMUS', 'WFC', 'XOM', 'ETH-USD']",0.24144166309374557,
combined_min_variance,combined,min_variance,2021-07-01,2022-06-30,2022-07-01,True,False,0.2,"['AEP', 'AMD', 'AMT', 'CCI', 'CMCSA', 'COP', 'D', 'GS', 'INTC', 'MS', 'NKE', 'NVDA', 'QCOM', 'TMUS', 'USB', 'ADA-USD', 'BTC-USD', 'EOS-USD', 'ETC-USD', 'LTC-USD', 'XRP-USD']",0.13135064441913408,
combined_min_variance,combined,min_variance,2021-07-30,2022-07-29,2022-08-01,True,False,0.2,"['ADBE', 'AMD', 'BA', 'GS', 'NKE', 'NUE', 'OXY', 'SLB', 'TMUS', 'USB', 'WFC', 'BCH-USD', 'TRX-USD', 'XLM-USD']",0.06785230253834493,
combined_min_variance,combined,min_variance,2021-09-01,2022-08-31,2022-09-01,True,False,0.2,"['ABT', 'ADBE', 'AMT', 'BA', 'CAT', 'CCI', 'CMCSA', 'COP', 'D', 'DD', 'GE', 'MS', 'NUE', 'OXY', 'PSA', 'TMUS', 'USB', 'V', 'ETC-USD', 'LTC-USD', 'XRP-USD']",0.17045639392576029,
combined_min_variance,combined,min_variance,2021-10-01,2022-09-30,2022-10-03,True,False,0.2,"['ADBE', 'AEP', 'BA', 'CAT', 'CMCSA', 'D', 'DIS', 'GS', 'MS', 'NEE', 'NKE', 'OXY', 'PLD', 'SBUX', 'SLB', 'SO', 'T', 'TMUS', 'V', 'WFC', 'BCH-USD']",0.18666035248477164,
combined_min_variance,combined,min_variance,2021-11-01,2022-10-31,2022-11-01,True,False,0.2,"['ADBE', 'AEP', 'AMD', 'BA', 'CMCSA', 'DD', 'DOW', 'GE', 'INTC', 'MMM', 'NEE', 'NKE', 'NUE', 'QCOM', 'TMUS', 'USB', 'EOS-USD', 'TRX-USD', 'XRP-USD']",0.1496935047160419,
combined_min_variance,combined,min_variance,2021-12-01,2022-11-30,2022-12-01,True,False,0.2,"['ABT', 'ADBE', 'AEP', 'BA', 'CAT', 'DOW', 'GE', 'MMM', 'NKE', 'NVDA', 'QCOM', 'T', 'TMUS', 'UPS', 'WFC', 'BCH-USD', 'BTC-USD', 'EOS-USD', 'ETH-USD', 'LTC-USD', 'XRP-USD']",0.13213687796829615,
combined_min_variance,combined,min_variance,2021-12-31,2022-12-30,2023-01-03,True,False,0.2,"['ABT', 'AEP', 'AMD', 'BA', 'CAT', 'CCI', 'CMCSA', 'DOW', 'INTC', 'NKE', 'NVDA', 'SHW', 'SLB', 'TMUS', 'WFC', 'ADA-USD', 'BCH-USD', 'BTC-USD', 'ETC-USD', 'LTC-USD', 'XLM-USD', 'XRP-USD']",0.05885324044321038,
combined_min_variance,combined,min_variance,2022-01-31,2023-01-31,2023-02-01,True,False,0.2,"['AMD', 'CAT', 'CCI', 'DOW', 'GS', 'INTC', 'MS', 'NKE', 'NUE', 'NVDA', 'QCOM', 'SBUX', 'SHW', 'SO', 'TMUS', 'UPS', 'V', 'BCH-USD', 'BTC-USD', 'LTC-USD', 'XLM-USD', 'XRP-USD']",0.08350185141244597,
combined_min_variance,combined,min_variance,2022-02-28,2023-02-28,2023-03-01,True,False,0.2,"['AMD', 'DOW', 'GE', 'GILD', 'GS', 'MS', 'NUE', 'NVDA', 'OXY', 'SHW', 'SO', 'TMUS', 'USB', 'ADA-USD', 'BCH-USD', 'BTC-USD', 'EOS-USD', 'ETC-USD', 'ETH-USD', 'LTC-USD', 'XLM-USD', 'XRP-USD']",0.10643227501392168,
combined_min_variance,combined,min_variance,2022-03-31,2023-03-31,2023-04-03,True,False,0.2,"['ADBE', 'AEP', 'AMD', 'BA', 'CCI', 'CMCSA', 'COP', 'DD', 'DIS', 'DOW', 'GE', 'GILD', 'GS', 'INTC', 'MS', 'NKE', 'NVDA', 'OXY', 'QCOM', 'SLB', 'TMUS', 'USB', 'WFC', 'BCH-USD', 'BTC-USD', 'ETC-USD', 'LTC-USD', 'TRX-USD', 'XLM-USD', 'XRP-USD']",0.09519535223498735,
combined_min_variance,combined,min_variance,2022-04-28,2023-04-28,2023-05-01,True,False,0.2,"['ADBE', 'AEP', 'AMD', 'AMT', 'CCI', 'CMCSA', 'DD', 'DIS', 'DUK', 'GE', 'GILD', 'GS', 'INTC', 'MMM', 'PLD', 'PSA', 'QCOM', 'SBUX', 'SLB', 'TMUS', 'UPS', 'WFC', 'XOM', 'ADA-USD', 'BCH-USD', 'BTC-USD', 'EOS-USD', 'ETH-USD', 'TRX-USD']",0.09935901323237714,
combined_min_variance,combined,min_variance,2022-05-31,2023-05-31,2023-06-01,True,False,0.2,"['ABT', 'AMT', 'BA', 'CCI', 'CMCSA', 'DD', 'DUK', 'GE', 'GILD', 'GS', 'NEE', 'NEM', 'NKE', 'NVDA', 'OXY', 'PLD', 'SBUX', 'SHW', 'TTWO', 'USB', 'WFC', 'XOM', 'ETC-USD', 'TRX-USD', 'XLM-USD', 'XRP-USD']",0.1521955928035251,
combined_min_variance,combined,min_variance,2022-06-30,2023-06-30,2023-07-03,True,False,0.2,"['ABT', 'ADBE', 'AEP', 'AMD', 'AMT', 'CCI', 'DIS', 'DOW', 'GILD', 'GS', 'INTC', 'NEE', 'NEM', 'NKE', 'NUE', 'PLD', 'QCOM', 'SHW', 'SO', 'UPS', 'V', 'ETC-USD', 'XLM-USD', 'XRP-USD']",0.1411070278085631,
combined_min_variance,combined,min_variance,2022-07-29,2023-07-31,2023-08-01,True,False,0.2,"['ADBE', 'CAT', 'CCI', 'DOW', 'GS', 'NEE', 'NVDA', 'SBUX', 'SHW', 'SLB', 'SO', 'UPS', 'WFC', 'ADA-USD', 'BCH-USD', 'EOS-USD', 'ETC-USD', 'XLM-USD']",0.04531592325383464,
combined_min_variance,combined,min_variance,2022-08-31,2023-08-31,2023-09-01,True,False,0.2,"['ABT', 'ADBE', 'AEP', 'DIS', 'DUK', 'GILD', 'GS', 'INTC', 'MS', 'NEE', 'NKE', 'PSA', 'QCOM', 'USB', 'WFC']",0.10652970049517586,
combined_min_variance,combined,min_variance,2022-09-29,2023-09-29,2023-10-02,True,False,0.2,"['AEP', 'BA', 'CMCSA', 'D', 'DIS', 'DUK', 'GILD', 'GS', 'MMM', 'MS', 'NEM', 'NKE', 'NUE', 'PSA', 'SBUX', 'UPS', 'USB', 'ADA-USD', 'BTC-USD', 'ETC-USD']",0.09463373200010183,
combined_min_variance,combined,min_variance,2022-10-31,2023-10-31,2023-11-01,True,False,0.2,"['ABT', 'ADBE', 'AEP', 'AMD', 'AMT', 'BA', 'CCI', 'COP', 'DIS', 'DOW', 'DUK', 'INTC', 'NKE', 'NUE', 'PLD', 'SLB', 'SO', 'TTWO', 'UPS', 'WFC', 'ADA-USD', 'ETC-USD', 'ETH-USD', 'LTC-USD', 'XLM-USD', 'XRP-USD']",0.10295610220954382,
combined_min_variance,combined,min_variance,2022-11-30,2023-11-30,2023-12-01,True,False,0.2,"['ADBE', 'CAT', 'CCI', 'D', 'DOW', 'MS', 'NEE', 'NKE', 'PLD', 'PSA', 'QCOM', 'SLB', 'USB', 'XOM', 'BCH-USD', 'ETH-USD', 'LTC-USD']",0.15067954992605734,
crypto_equal_weight,crypto,equal_weight,2020-01-02,2020-12-31,2021-01-01,True,False,,[],,
crypto_equal_weight,crypto,equal_weight,2020-02-02,2021-01-31,2021-02-01,True,False,,[],0.14434551287242162,
crypto_equal_weight,crypto,equal_weight,2020-03-01,2021-02-28,2021-03-01,True,False,,[],0.15533662429037423,
crypto_equal_weight,crypto,equal_weight,2020-04-01,2021-03-31,2021-04-01,True,False,,[],0.07270729548497028,
crypto_equal_weight,crypto,equal_weight,2020-05-01,2021-04-30,2021-05-01,True,False,,[],0.144162226528111,
crypto_equal_weight,crypto,equal_weight,2020-06-01,2021-05-31,2021-06-01,True,False,,[],0.16360572693964284,
crypto_equal_weight,crypto,equal_weight,2020-07-01,2021-06-30,2021-07-01,True,False,,[],0.04903731964210506,
crypto_equal_weight,crypto,equal_weight,2020-08-01,2021-07-31,2021-08-01,True,False,,[],0.03183434363540118,
crypto_equal_weight,crypto,equal_weight,2020-09-01,2021-08-31,2021-09-01,True,False,,[],0.07355296539279194,
crypto_equal_weight,crypto,equal_weight,2020-10-01,2021-09-30,2021-10-01,True,False,,[],0.04128786692208689,
crypto_equal_weight,crypto,equal_weight,2020-11-01,2021-10-31,2021-11-01,True,False,,[],0.04512425976376988,
crypto_equal_weight,crypto,equal_weight,2020-12-01,2021-11-30,2021-12-01,True,False,,[],0.03570105123091291,
crypto_equal_weight,crypto,equal_weight,2021-01-01,2021-12-31,2022-01-01,True,False,,[],0.02441094978075995,
crypto_equal_weight,crypto,equal_weight,2021-02-01,2022-01-31,2022-02-01,True,False,,[],0.02102647982226584,
crypto_equal_weight,crypto,equal_weight,2021-03-01,2022-02-28,2022-03-01,True,False,,[],0.04051822865186431,
crypto_equal_weight,crypto,equal_weight,2021-04-01,2022-03-31,2022-04-01,True,False,,[],0.040040753972747554,
crypto_equal_weight,crypto,equal_weight,2021-05-01,2022-04-30,2022-05-01,True,False,,[],0.04440722090590186,
crypto_equal_weight,crypto,equal_weight,2021-06-01,2022-05-31,2022-06-01,True,False,,[],0.07635119632023682,
crypto_equal_weight,crypto,equal_weight,2021-07-01,2022-06-30,2022-07-01,True,False,,[],0.062260904092131156,
crypto_equal_weight,crypto,equal_weight,2021-08-01,2022-07-31,2022-08-01,True,False,,[],0.10515057503004752,
crypto_equal_weight,crypto,equal_weight,2021-09-01,2022-08-31,2022-09-01,True,False,,[],0.021219935025505156,
crypto_equal_weight,crypto,equal_weight,2021-10-01,2022-09-30,2022-10-01,True,False,,[],0.057718278624622144,
crypto_equal_weight,crypto,equal_weight,2021-11-01,2022-10-31,2022-11-01,True,False,,[],0.030994651938395193,
crypto_equal_weight,crypto,equal_weight,2021-12-01,2022-11-30,2022-12-01,True,False,,[],0.06706297554845737,
crypto_equal_weight,crypto,equal_weight,2022-01-01,2022-12-31,2023-01-01,True,False,,[],0.03730462590512456,
crypto_equal_weight,crypto,equal_weight,2022-02-01,2023-01-31,2023-02-01,True,False,,[],0.034601917224557785,
crypto_equal_weight,crypto,equal_weight,2022-03-01,2023-02-28,2023-03-01,True,False,,[],0.023303392615625203,
crypto_equal_weight,crypto,equal_weight,2022-04-01,2023-03-31,2023-04-01,True,False,,[],0.0596507208568145,
crypto_equal_weight,crypto,equal_weight,2022-05-01,2023-04-30,2023-05-01,True,False,,[],0.031202949289222327,
crypto_equal_weight,crypto,equal_weight,2022-06-01,2023-05-31,2023-06-01,True,False,,[],0.030471567941276263,
crypto_equal_weight,crypto,equal_weight,2022-07-01,2023-06-30,2023-07-01,True,False,,[],0.125876656683004,
crypto_equal_weight,crypto,equal_weight,2022-08-01,2023-07-31,2023-08-01,True,False,,[],0.07575423527195266,
crypto_equal_weight,crypto,equal_weight,2022-09-01,2023-08-31,2023-09-01,True,False,,[],0.0387549438622886,
crypto_equal_weight,crypto,equal_weight,2022-10-01,2023-09-30,2023-10-01,True,False,,[],0.021186353438420992,
crypto_equal_weight,crypto,equal_weight,2022-11-01,2023-10-31,2023-11-01,True,False,,[],0.024196764756997544,
crypto_equal_weight,crypto,equal_weight,2022-12-01,2023-11-30,2023-12-01,True,False,,[],0.03213161530738908,
crypto_max_sharpe,crypto,max_sharpe,2020-01-02,2020-12-31,2021-01-01,True,False,0.2,"['BCH-USD', 'EOS-USD', 'ETC-USD', 'XRP-USD']",,
crypto_max_sharpe,crypto,max_sharpe,2020-02-02,2021-01-31,2021-02-01,True,False,0.2,"['BCH-USD', 'EOS-USD', 'ETC-USD']",0.261532099586704,
crypto_max_sharpe,crypto,max_sharpe,2020-03-01,2021-02-28,2021-03-01,True,False,0.2,[],0.32242661994359667,
crypto_max_sharpe,crypto,max_sharpe,2020-04-01,2021-03-31,2021-04-01,True,False,0.2,"['BCH-USD', 'EOS-USD']",0.14853272230423947,
crypto_max_sharpe,crypto,max_sharpe,2020-05-01,2021-04-30,2021-05-01,True,False,0.2,['XLM-USD'],0.2135086988462649,
crypto_max_sharpe,crypto,max_sharpe,2020-06-01,2021-05-31,2021-06-01,True,False,0.2,"['BCH-USD', 'EOS-USD', 'LTC-USD']",0.11166884514070076,
crypto_max_sharpe,crypto,max_sharpe,2020-07-01,2021-06-30,2021-07-01,True,False,0.2,[],0.0271600979560211,
crypto_max_sharpe,crypto,max_sharpe,2020-08-01,2021-07-31,2021-08-01,True,False,0.2,['XLM-USD'],0.05254042645562674,
crypto_max_sharpe,crypto,max_sharpe,2020-09-01,2021-08-31,2021-09-01,True,False,0.2,"['LTC-USD', 'XLM-USD']",0.1388895765273945,
crypto_max_sharpe,crypto,max_sharpe,2020-10-01,2021-09-30,2021-10-01,True,False,0.2,['EOS-USD'],0.03910396090535812,
crypto_max_sharpe,crypto,max_sharpe,2020-11-01,2021-10-31,2021-11-01,True,False,0.2,['BCH-USD'],0.06571051030827245,
crypto_max_sharpe,crypto,max_sharpe,2020-12-01,2021-11-30,2021-12-01,True,False,0.2,[],0.1796591176557378,
crypto_max_sharpe,crypto,max_sharpe,2021-01-01,2021-12-31,2022-01-01,True,False,0.2,"['BCH-USD', 'BTC-USD', 'LTC-USD', 'XLM-USD']",0.22249358365727667,
crypto_max_sharpe,crypto,max_sharpe,2021-02-01,2022-01-31,2022-02-01,True,False,0.2,"['BCH-USD', 'EOS-USD', 'LTC-USD', 'XLM-USD']",0.09106391229167914,
crypto_max_sharpe,crypto,max_sharpe,2021-03-01,2022-02-28,2022-03-01,True,False,0.2,"['ADA-USD', 'EOS-USD', 'XLM-USD']",0.18469971307772962,
crypto_max_sharpe,crypto,max_sharpe,2021-04-01,2022-03-31,2022-04-01,True,False,0.2,"['BCH-USD', 'EOS-USD', 'LTC-USD']",0.2382145212973393,
crypto_max_sharpe,crypto,max_sharpe,2021-05-01,2022-04-30,2022-05-01,True,False,0.2,"['LTC-USD', 'XLM-USD']",0.23028058295255444,
crypto_max_sharpe,crypto,max_sharpe,2021-06-01,2022-05-31,2022-06-01,True,False,0.2,"['BCH-USD', 'EOS-USD', 'ETC-USD', 'LTC-USD']",0.28674205400609537,
crypto_max_sharpe,crypto,max_sharpe,2021-07-01,2022-06-30,2022-07-01,True,False,0.2,"['ADA-USD', 'LTC-USD']",0.2613746129869262,
crypto_max_sharpe,crypto,max_sharpe,2021-08-01,2022-07-31,2022-08-01,True,False,0.2,"['BCH-USD', 'EOS-USD']",0.2365032232171145,
crypto_max_sharpe,crypto,max_sharpe,2021-09-01,2022-08-31,2022-09-01,True,False,0.2,['BCH-USD'],0.20744162705934546,
crypto_max_sharpe,crypto,max_sharpe,2021-10-01,2022-09-30,2022-10-01,True,False,0.2,"['BTC-USD', 'LTC-USD']",0.4308943610016995,
crypto_max_sharpe,crypto,max_sharpe,2021-11-01,2022-10-31,2022-11-01,True,False,0.2,"['ADA-USD', 'EOS-USD']",0.23375179231396825,
crypto_max_sharpe,crypto,max_sharpe,2021-12-01,2022-11-30,2022-12-01,True,False,0.2,"['BTC-USD', 'EOS-USD', 'XLM-USD']",0.09746955554597092,
crypto_max_sharpe,crypto,max_sharpe,2022-01-01,2022-12-31,2023-01-01,True,False,0.2,"['ADA-USD', 'BCH-USD', 'BTC-USD']",0.03596422923781979,
crypto_max_sharpe,crypto,max_sharpe,2022-02-01,2023-01-31,2023-02-01,True,False,0.2,"['ADA-USD', 'BCH-USD', 'BTC-USD', 'XLM-USD']",0.034434068483978175,
crypto_max_sharpe,crypto,max_sharpe,2022-03-01,2023-02-28,2023-03-01,True,False,0.2,"['ADA-USD', 'BCH-USD']",0.20997413164829704,
crypto_max_sharpe,crypto,max_sharpe,2022-04-01,2023-03-31,2023-04-01,True,False,0.2,"['ADA-USD', 'BCH-USD', 'EOS-USD', 'XLM-USD']",0.2280065738332287,
crypto_max_sharpe,crypto,max_sharpe,2022-05-01,2023-04-30,2023-05-01,True,False,0.2,"['ADA-USD', 'EOS-USD', 'XLM-USD']",0.2262959439934743,
crypto_max_sharpe,crypto,max_sharpe,2022-06-01,2023-05-31,2023-06-01,True,False,0.2,"['BTC-USD', 'EOS-USD']",0.21838881196482254,
crypto_max_sharpe,crypto,max_sharpe,2022-07-01,2023-06-30,2023-07-01,True,False,0.2,"['EOS-USD', 'ETC-USD', 'XLM-USD']",0.4060745426277207,
crypto_max_sharpe,crypto,max_sharpe,2022-08-01,2023-07-31,2023-08-01,True,False,0.2,"['ADA-USD', 'EOS-USD', 'ETC-USD', 'ETH-USD', 'XLM-USD']",0.23537510541334158,
crypto_max_sharpe,crypto,max_sharpe,2022-09-01,2023-08-31,2023-09-01,True,False,0.2,[],0.05519975196729265,
crypto_max_sharpe,crypto,max_sharpe,2022-10-01,2023-09-30,2023-10-01,True,False,0.2,"['EOS-USD', 'ETC-USD']",0.20625117576273,
crypto_max_sharpe,crypto,max_sharpe,2022-11-01,2023-10-31,2023-11-01,True,False,0.2,['ETH-USD'],0.22346718702465315,
crypto_max_sharpe,crypto,max_sharpe,2022-12-01,2023-11-30,2023-12-01,True,False,0.2,"['ADA-USD', 'LTC-USD']",0.2226769749710591,
crypto_min_cvar,crypto,min_cvar,2020-01-02,2020-12-31,2021-01-01,True,False,0.2,"['ADA-USD', 'EOS-USD', 'ETC-USD', 'XRP-USD']",,
crypto_min_cvar,crypto,min_cvar,2020-02-02,2021-01-31,2021-02-01,True,False,0.2,"['ADA-USD', 'BCH-USD', 'ETC-USD']",0.25369375731097654,
crypto_min_cvar,crypto,min_cvar,2020-03-01,2021-02-28,2021-03-01,True,False,0.2,"['BCH-USD', 'ETC-USD', 'LTC-USD']",0.2146980139091753,
crypto_min_cvar,crypto,min_cvar,2020-04-01,2021-03-31,2021-04-01,True,False,0.2,"['BCH-USD', 'XLM-USD']",0.16726606497289204,
crypto_min_cvar,crypto,min_cvar,2020-05-01,2021-04-30,2021-05-01,True,False,0.2,"['BCH-USD', 'XLM-USD', 'XRP-USD']",0.16696889466264964,
crypto_min_cvar,crypto,min_cvar,2020-06-01,2021-05-31,2021-06-01,True,False,0.2,"['BCH-USD', 'EOS-USD', 'LTC-USD', 'XLM-USD']",0.2849890458820049,
crypto_min_cvar,crypto,min_cvar,2020-07-01,2021-06-30,2021-07-01,True,False,0.2,"['BCH-USD', 'EOS-USD', 'LTC-USD', 'XRP-USD']",0.10229133736115788,
crypto_min_cvar,crypto,min_cvar,2020-08-01,2021-07-31,2021-08-01,True,False,0.2,"['BCH-USD', 'EOS-USD', 'LTC-USD', 'XRP-USD']",0.04795860112456563,
crypto_min_cvar,crypto,min_cvar,2020-09-01,2021-08-31,2021-09-01,True,False,0.2,"['BCH-USD', 'EOS-USD', 'LTC-USD', 'XRP-USD']",0.09155231104878606,
crypto_min_cvar,crypto,min_cvar,2020-10-01,2021-09-30,2021-10-01,True,False,0.2,"['EOS-USD', 'LTC-USD', 'XRP-USD']",0.0955239189378993,
crypto_min_cvar,crypto,min_cvar,2020-11-01,2021-10-31,2021-11-01,True,False,0.2,"['BCH-USD', 'EOS-USD', 'LTC-USD', 'XRP-USD']",0.0722062815378209,
crypto_min_cvar,crypto,min_cvar,2020-12-01,2021-11-30,2021-12-01,True,False,0.2,"['BCH-USD', 'EOS-USD', 'LTC-USD', 'XRP-USD']",0.036786813285445495,
crypto_min_cvar,crypto,min_cvar,2021-01-01,2021-12-31,2022-01-01,True,False,0.2,"['BCH-USD', 'EOS-USD', 'LTC-USD']",0.11014748323610862,
crypto_min_cvar,crypto,min_cvar,2021-02-01,2022-01-31,2022-02-01,True,False,0.2,"['EOS-USD', 'LTC-USD', 'XLM-USD']",0.1570075351138025,
crypto_min_cvar,crypto,min_cvar,2021-03-01,2022-02-28,2022-03-01,True,False,0.2,"['EOS-USD', 'LTC-USD', 'XLM-USD']",0.036413691184407404,
crypto_min_cvar,crypto,min_cvar,2021-04-01,2022-03-31,2022-04-01,True,False,0.2,"['EOS-USD', 'LTC-USD', 'XLM-USD']",0.03845377679625282,
crypto_min_cvar,crypto,min_cvar,2021-05-01,2022-04-30,2022-05-01,True,False,0.2,"['BCH-USD', 'EOS-USD', 'LTC-USD']",0.11951569755785094,
crypto_min_cvar,crypto,min_cvar,2021-06-01,2022-05-31,2022-06-01,True,False,0.2,"['EOS-USD', 'ETC-USD', 'LTC-USD', 'XRP-USD']",0.28673071995433663,
crypto_min_cvar,crypto,min_cvar,2021-07-01,2022-06-30,2022-07-01,True,False,0.2,"['BCH-USD', 'EOS-USD', 'ETC-USD', 'LTC-USD']",0.3024059802605319,
crypto_min_cvar,crypto,min_cvar,2021-08-01,2022-07-31,2022-08-01,True,False,0.2,"['BCH-USD', 'EOS-USD', 'ETC-USD', 'LTC-USD']",0.060577418240500794,
crypto_min_cvar,crypto,min_cvar,2021-09-01,2022-08-31,2022-09-01,True,False,0.2,"['ADA-USD', 'BCH-USD', 'EOS-USD', 'ETC-USD', 'LTC-USD']",0.08392078028500127,
crypto_min_cvar,crypto,min_cvar,2021-10-01,2022-09-30,2022-10-01,True,False,0.2,"['ADA-USD', 'BCH-USD', 'EOS-USD', 'ETC-USD', 'LTC-USD']",0.07891520332154786,
crypto_min_cvar,crypto,min_cvar,2021-11-01,2022-10-31,2022-11-01,True,False,0.2,"['ADA-USD', 'BCH-USD', 'EOS-USD', 'ETC-USD', 'LTC-USD']",0.028820307387771193,
crypto_min_cvar,crypto,min_cvar,2021-12-01,2022-11-30,2022-12-01,True,False,0.2,"['BCH-USD', 'EOS-USD', 'ETC-USD', 'LTC-USD']",0.015277214407919425,
crypto_min_cvar,crypto,min_cvar,2022-01-01,2022-12-31,2023-01-01,True,False,0.2,"['ADA-USD', 'BCH-USD', 'EOS-USD', 'ETC-USD']",0.19282605900186336,
crypto_min_cvar,crypto,min_cvar,2022-02-01,2023-01-31,2023-02-01,True,False,0.2,"['ADA-USD', 'BCH-USD', 'EOS-USD', 'ETC-USD']",0.04882119956433181,
crypto_min_cvar,crypto,min_cvar,2022-03-01,2023-02-28,2023-03-01,True,False,0.2,"['ADA-USD', 'BCH-USD', 'EOS-USD', 'ETC-USD', 'ETH-USD']",0.08837456728596982,
crypto_min_cvar,crypto,min_cvar,2022-04-01,2023-03-31,2023-04-01,True,False,0.2,"['ADA-USD', 'BCH-USD', 'EOS-USD', 'ETC-USD', 'ETH-USD']",0.07418003655498567,
crypto_min_cvar,crypto,min_cvar,2022-05-01,2023-04-30,2023-05-01,True,False,0.2,"['ADA-USD', 'BCH-USD', 'EOS-USD', 'ETC-USD', 'ETH-USD']",0.03853837050572283,
crypto_min_cvar,crypto,min_cvar,2022-06-01,2023-05-31,2023-06-01,True,False,0.2,"['BCH-USD', 'EOS-USD', 'ETC-USD', 'ETH-USD']",0.15638561263971312,
crypto_min_cvar,crypto,min_cvar,2022-07-01,2023-06-30,2023-07-01,True,False,0.2,"['BCH-USD', 'EOS-USD', 'ETC-USD', 'ETH-USD', 'LTC-USD']",0.13224043855397055,
crypto_min_cvar,crypto,min_cvar,2022-08-01,2023-07-31,2023-08-01,True,False,0.2,"['EOS-USD', 'ETC-USD', 'LTC-USD']",0.2517758661215417,
crypto_min_cvar,crypto,min_cvar,2022-09-01,2023-08-31,2023-09-01,True,False,0.2,"['EOS-USD', 'ETC-USD', 'LTC-USD']",0.35090797887423475,
crypto_min_cvar,crypto,min_cvar,2022-10-01,2023-09-30,2023-10-01,True,False,0.2,"['EOS-USD', 'ETC-USD', 'LTC-USD', 'XRP-USD']",0.04584086551676807,
crypto_min_cvar,crypto,min_cvar,2022-11-01,2023-10-31,2023-11-01,True,False,0.2,"['EOS-USD', 'ETC-USD', 'LTC-USD', 'XRP-USD']",0.030832483872157822,
crypto_min_cvar,crypto,min_cvar,2022-12-01,2023-11-30,2023-12-01,True,False,0.2,"['EOS-USD', 'ETC-USD', 'LTC-USD', 'XLM-USD']",0.12561133126580065,
crypto_min_variance,crypto,min_variance,2020-01-02,2020-12-31,2021-01-01,True,False,0.2,['BCH-USD'],,
crypto_min_variance,crypto,min_variance,2020-02-02,2021-01-31,2021-02-01,True,False,0.2,"['BCH-USD', 'XLM-USD']",0.3251118427348102,
crypto_min_variance,crypto,min_variance,2020-03-01,2021-02-28,2021-03-01,True,False,0.2,[],0.19685904553929567,
crypto_min_variance,crypto,min_variance,2020-04-01,2021-03-31,2021-04-01,True,False,0.2,"['BCH-USD', 'XLM-USD']",0.17832043949255152,
crypto_min_variance,crypto,min_variance,2020-05-01,2021-04-30,2021-05-01,True,False,0.2,['BCH-USD'],0.20813470362518216,
crypto_min_variance,crypto,min_variance,2020-06-01,2021-05-31,2021-06-01,True,False,0.2,"['BCH-USD', 'XLM-USD']",0.29057596320890383,
crypto_min_variance,crypto,min_variance,2020-07-01,2021-06-30,2021-07-01,True,False,0.2,['EOS-USD'],0.05010308627227139,
crypto_min_variance,crypto,min_variance,2020-08-01,2021-07-31,2021-08-01,True,False,0.2,"['BCH-USD', 'ETC-USD']",0.05047638733766936,
crypto_min_variance,crypto,min_variance,2020-09-01,2021-08-31,2021-09-01,True,False,0.2,['XLM-USD'],0.09442046691981011,
crypto_min_variance,crypto,min_variance,2020-10-01,2021-09-30,2021-10-01,True,False,0.2,"['BCH-USD', 'EOS-USD']",0.0475062424587232,
crypto_min_variance,crypto,min_variance,2020-11-01,2021-10-31,2021-11-01,True,False,0.2,"['EOS-USD', 'XRP-USD']",0.06406424337205102,
crypto_min_variance,crypto,min_variance,2020-12-01,2021-11-30,2021-12-01,True,False,0.2,"['BCH-USD', 'EOS-USD', 'ETC-USD', 'XLM-USD']",0.0691816105391621,
crypto_min_variance,crypto,min_variance,2021-01-01,2021-12-31,2022-01-01,True,False,0.2,[],0.04116739320379151,
crypto_min_variance,crypto,min_variance,2021-02-01,2022-01-31,2022-02-01,True,False,0.2,"['EOS-USD', 'ETC-USD']",0.18770702458265043,
crypto_min_variance,crypto,min_variance,2021-03-01,2022-02-28,2022-03-01,True,False,0.2,"['BCH-USD', 'ETC-USD']",0.08256919749257521,
crypto_min_variance,crypto,min_variance,2021-04-01,2022-03-31,2022-04-01,True,False,0.2,['XRP-USD'],0.06339191062801604,
crypto_min_variance,crypto,min_variance,2021-05-01,2022-04-30,2022-05-01,True,False,0.2,"['EOS-USD', 'ETC-USD']",0.09067194852542224,
crypto_min_variance,crypto,min_variance,2021-06-01,2022-05-31,2022-06-01,True,False,0.2,"['ETC-USD', 'LTC-USD']",0.2714462731432527,
crypto_min_variance,crypto,min_variance,2021-07-01,2022-06-30,2022-07-01,True,False,0.2,"['EOS-USD', 'ETC-USD', 'LTC-USD']",0.11142069828797281,
crypto_min_variance,crypto,min_variance,2021-08-01,2022-07-31,2022-08-01,True,False,0.2,['ADA-USD'],0.08308649395078913,
crypto_min_variance,crypto,min_variance,2021-09-01,2022-08-31,2022-09-01,True,False,0.2,['EOS-USD'],0.16798028991501393,
crypto_min_variance,crypto,min_variance,2021-10-01,2022-09-30,2022-10-01,True,False,0.2,"['ADA-USD', 'EOS-USD', 'ETC-USD']",0.09140998105363043,
crypto_min_variance,crypto,min_variance,2021-11-01,2022-10-31,2022-11-01,True,False,0.2,"['ADA-USD', 'EOS-USD', 'LTC-USD']",0.053387231255839836,
crypto_min_variance,crypto,min_variance,2021-12-01,2022-11-30,2022-12-01,True,False,0.2,"['ADA-USD', 'EOS-USD']",0.11357963534622911,
crypto_min_variance,crypto,min_variance,2022-01-01,2022-12-31,2023-01-01,True,False,0.2,"['EOS-USD', 'ETH-USD']",0.07042043880805893,
crypto_min_variance,crypto,min_variance,2022-02-01,2023-01-31,2023-02-01,True,False,0.2,"['ADA-USD', 'EOS-USD']",0.045567123710009566,
crypto_min_variance,crypto,min_variance,2022-03-01,2023-02-28,2023-03-01,True,False,0.2,"['ADA-USD', 'EOS-USD', 'ETC-USD', 'ETH-USD']",0.08260048088761121,
crypto_min_variance,crypto,min_variance,2022-04-01,2023-03-31,2023-04-01,True,False,0.2,"['ADA-USD', 'EOS-USD', 'ETH-USD']",0.12747237755418822,
crypto_min_variance,crypto,min_variance,2022-05-01,2023-04-30,2023-05-01,True,False,0.2,"['ADA-USD', 'ETC-USD']",0.05456259280126607,
crypto_min_variance,crypto,min_variance,2022-06-01,2023-05-31,2023-06-01,True,False,0.2,"['EOS-USD', 'ETC-USD']",0.12085194089628681,
crypto_min_variance,crypto,min_variance,2022-07-01,2023-06-30,2023-07-01,True,False,0.2,['EOS-USD'],0.2725278877757695,
crypto_min_variance,crypto,min_variance,2022-08-01,2023-07-31,2023-08-01,True,False,0.2,['ETC-USD'],0.3757133756638358,
crypto_min_variance,crypto,min_variance,2022-09-01,2023-08-31,2023-09-01,True,False,0.2,"['ETC-USD', 'XRP-USD']",0.11720821480183499,
crypto_min_variance,crypto,min_variance,2022-10-01,2023-09-30,2023-10-01,True,False,0.2,"['ETC-USD', 'XRP-USD']",0.1277608712032794,
crypto_min_variance,crypto,min_variance,2022-11-01,2023-10-31,2023-11-01,True,False,0.2,"['ETC-USD', 'XRP-USD']",0.06413198663106036,
crypto_min_variance,crypto,min_variance,2022-12-01,2023-11-30,2023-12-01,True,False,0.2,['XRP-USD'],0.10774461770650505,
equity_equal_weight,equity,equal_weight,2020-01-03,2020-12-31,2021-01-04,True,False,,[],,
equity_equal_weight,equity,equal_weight,2020-01-31,2021-01-29,2021-02-01,True,False,,[],0.025333838004933648,
equity_equal_weight,equity,equal_weight,2020-02-28,2021-02-26,2021-03-01,True,False,,[],0.048080909566088764,
equity_equal_weight,equity,equal_weight,2020-04-01,2021-03-31,2021-04-01,True,False,,[],0.02334629231451527,
equity_equal_weight,equity,equal_weight,2020-05-01,2021-04-30,2021-05-03,True,False,,[],0.021274224268830265,
equity_equal_weight,equity,equal_weight,2020-06-01,2021-05-28,2021-06-01,True,False,,[],0.02092425387593157,
equity_equal_weight,equity,equal_weight,2020-07-01,2021-06-30,2021-07-01,True,False,,[],0.02667405773322292,
equity_equal_weight,equity,equal_weight,2020-07-31,2021-07-30,2021-08-02,True,False,,[],0.022290182207067667,
equity_equal_weight,equity,equal_weight,2020-09-01,2021-08-31,2021-09-01,True,False,,[],0.018564143772417666,
equity_equal_weight,equity,equal_weight,2020-10-01,2021-09-30,2021-10-01,True,False,,[],0.024861097677564545,
equity_equal_weight,equity,equal_weight,2020-10-30,2021-10-29,2021-11-01,True,False,,[],0.030892860165321348,
equity_equal_weight,equity,equal_weight,2020-12-01,2021-11-30,2021-12-01,True,False,,[],0.03273590616817381,
equity_equal_weight,equity,equal_weight,2021-01-04,2021-12-31,2022-01-03,True,False,,[],0.02248303226210189,
equity_equal_weight,equity,equal_weight,2021-02-02,2022-01-31,2022-02-01,True,False,,[],0.040883125538087,
equity_equal_weight,equity,equal_weight,2021-03-02,2022-02-28,2022-03-01,True,False,,[],0.028415889189891498,
equity_equal_weight,equity,equal_weight,2021-04-05,2022-03-31,2022-04-01,True,False,,[],0.033484632764041726,
equity_equal_weight,equity,equal_weight,2021-05-03,2022-04-29,2022-05-02,True,False,,[],0.03601126689734692,
equity_equal_weight,equity,equal_weight,2021-06-02,2022-05-31,2022-06-01,True,False,,[],0.029982873992492786,
equity_equal_weight,equity,equal_weight,2021-07-01,2022-06-30,2022-07-01,True,False,,[],0.035731082777456694,
equity_equal_weight,equity,equal_weight,2021-07-30,2022-07-29,2022-08-01,True,False,,[],0.02794730272923226,
equity_equal_weight,equity,equal_weight,2021-09-01,2022-08-31,2022-09-01,True,False,,[],0.021912206328306094,
equity_equal_weight,equity,equal_weight,2021-10-01,2022-09-30,2022-10-03,True,False,,[],0.02885178076375974,
equity_equal_weight,equity,equal_weight,2021-11-01,2022-10-31,2022-11-01,True,False,,[],0.035976418248330554,
equity_equal_weight,equity,equal_weight,2021-12-01,2022-11-30,2022-12-01,True,False,,[],0.028513568246996975,
equity_equal_weight,equity,equal_weight,2021-12-31,2022-12-30,2023-01-03,True,False,,[],0.022242937945455458,
equity_equal_weight,equity,equal_weight,2022-01-31,2023-01-31,2023-02-01,True,False,,[],0.03226719250383653,
equity_equal_weight,equity,equal_weight,2022-02-28,2023-02-28,2023-03-01,True,False,,[],0.02025530215394363,
equity_equal_weight,equity,equal_weight,2022-03-31,2023-03-31,2023-04-03,True,False,,[],0.028673054808548763,
equity_equal_weight,equity,equal_weight,2022-04-28,2023-04-28,2023-05-01,True,False,,[],0.019335278615591082,
equity_equal_weight,equity,equal_weight,2022-05-31,2023-05-31,2023-06-01,True,False,,[],0.031073954582808167,
equity_equal_weight,equity,equal_weight,2022-06-30,2023-06-30,2023-07-03,True,False,,[],0.019012056781482843,
equity_equal_weight,equity,equal_weight,2022-07-29,2023-07-31,2023-08-01,True,False,,[],0.02208908893646035,
equity_equal_weight,equity,equal_weight,2022-08-31,2023-08-31,2023-09-01,True,False,,[],0.021630116488075425,
equity_equal_weight,equity,equal_weight,2022-09-29,2023-09-29,2023-10-02,True,False,,[],0.019764388141731093,
equity_equal_weight,equity,equal_weight,2022-10-31,2023-10-31,2023-11-01,True,False,,[],0.022386155925351224,
equity_equal_weight,equity,equal_weight,2022-11-30,2023-11-30,2023-12-01,True,False,,[],0.029474394557912058,
equity_max_sharpe,equity,max_sharpe,2020-01-03,2020-12-31,2021-01-04,True,False,0.2,"['ABBV', 'AEP', 'AMT', 'BA', 'CAT', 'DD', 'DUK', 'EA', 'GILD', 'INTC', 'MMM', 'MS', 'NKE', 'NUE', 'O', 'OXY', 'SLB', 'SO', 'T']",,
equity_max_sharpe,equity,max_sharpe,2020-01-31,2021-01-29,2021-02-01,True,False,0.2,"['AMD', 'BA', 'CAT', 'CMCSA', 'COP', 'DUK', 'EA', 'GILD', 'GS', 'INTC', 'KO', 'MRK', 'NKE', 'NUE', 'OXY', 'PLD', 'T', 'USB', 'V', 'WMT']",0.2014263896287988,
equity_max_sharpe,equity,max_sharpe,2020-02-28,2021-02-26,2021-03-01,True,False,0.2,"['ABBV', 'ADBE', 'AMT', 'CMCSA', 'CVX', 'GS', 'KO', 'NUE', 'PLD', 'SBUX', 'SHW', 'SLB', 'TMUS', 'WMT']",0.49385748485130315,
equity_max_sharpe,equity,max_sharpe,2020-04-01,2021-03-31,2021-04-01,True,False,0.2,"['AEP', 'AMD', 'AMT', 'CCI', 'CMCSA', 'CVX', 'D', 'DOW', 'DUK', 'GILD', 'KO', 'MMM', 'NEE', 'NKE', 'O', 'TMUS', 'V', 'WMT']",0.5655101813404189,
equity_max_sharpe,equity,max_sharpe,2020-05-01,2021-04-30,2021-05-03,True,False,0.2,"['ADBE', 'AMD', 'CMCSA', 'COP', 'D', 'DD', 'DIS', 'DOW', 'DUK', 'EA', 'INTC', 'MMM', 'MRK', 'NEE', 'NEM', 'OXY', 'PLD', 'SBUX', 'SLB', 'TMUS', 'USB', 'WFC', 'XOM']",0.5997728308011455,
equity_max_sharpe,equity,max_sharpe,2020-06-01,2021-05-28,2021-06-01,True,False,0.2,"['ABBV', 'ABT', 'ADBE', 'CCI', 'CMCSA', 'DD', 'DIS', 'DUK', 'GS', 'KO', 'MRK', 'NEE', 'NEM', 'NKE', 'O', 'PLD', 'QCOM', 'SHW', 'TMUS', 'USB', 'WFC', 'WMT', 'XOM']",0.19863352653010327,
equity_max_sharpe,equity,max_sharpe,2020-07-01,2021-06-30,2021-07-01,True,False,0.2,"['ABBV', 'AEP', 'AMT', 'CMCSA', 'COP', 'CVX', 'DD', 'DOW', 'EA', 'INTC', 'MRK', 'O', 'OXY', 'QCOM', 'SLB', 'T', 'WFC', 'WMT']",0.45036907607902354,
equity_max_sharpe,equity,max_sharpe,2020-07-31,2021-07-30,2021-08-02,True,False,0.2,"['AMT', 'BA', 'CAT', 'CCI', 'COP', 'DD', 'DIS', 'INTC', 'KO', 'NEM', 'O', 'QCOM', 'SO', 'TMUS', 'TTWO', 'USB', 'V', 'WFC']",0.225542652647356,
equity_max_sharpe,equity,max_sharpe,2020-09-01,2021-08-31,2021-09-01,True,False,0.2,"['AEP', 'AMD', 'AMGN', 'COP', 'GILD', 'INTC', 'KO', 'MS', 'NEE', 'NEM', 'UPS', 'V', 'XOM']",0.200189213092236,
equity_max_sharpe,equity,max_sharpe,2020-10-01,2021-09-30,2021-10-01,True,False,0.2,"['AMGN', 'CAT', 'DIS', 'INTC', 'MMM', 'NKE', 'SBUX', 'SLB', 'T', 'TTWO', 'USB', 'XOM']",0.35231532046639064,
equity_max_sharpe,equity,max_sharpe,2020-10-30,2021-10-29,2021-11-01,True,False,0.2,"['ADBE', 'AEP', 'AMGN', 'CAT', 'DD', 'DOW', 'DUK', 'GE', 'INTC', 'MS', 'NEE', 'NEM', 'O', 'TTWO', 'V']",0.4298450726549879,
equity_max_sharpe,equity,max_sharpe,2020-12-01,2021-11-30,2021-12-01,True,False,0.2,"['AMD', 'AMGN', 'CVX', 'D', 'DD', 'DIS', 'DUK', 'EA', 'GE', 'INTC', 'KO', 'MMM', 'MRK', 'NKE', 'O', 'OXY', 'QCOM', 'SO', 'T', 'V', 'WMT']",0.2558164222338344,
equity_max_sharpe,equity,max_sharpe,2021-01-04,2021-12-31,2022-01-03,True,False,0.2,"['ABBV', 'AMT', 'BA', 'CAT', 'CCI', 'D', 'DUK', 'GE', 'KO', 'NEM', 'NKE', 'O', 'OXY', 'SO', 'UPS', 'WMT', 'XOM']",0.24614923229980035,
equity_max_sharpe,equity,max_sharpe,2021-02-02,2022-01-31,2022-02-01,True,False,0.2,"['AMGN', 'AMT', 'CAT', 'CMCSA', 'CVX', 'NEM', 'NKE', 'OXY', 'SHW', 'SLB', 'T', 'TTWO', 'UPS', 'USB', 'XOM']",0.3192712008461146,
equity_max_sharpe,equity,max_sharpe,2021-03-02,2022-02-28,2022-03-01,True,False,0.2,"['ADBE', 'AMD', 'AMGN', 'AMT', 'BA', 'CAT', 'CCI', 'DD', 'DIS', 'DUK', 'GS', 'INTC', 'MRK', 'MS', 'OXY', 'SBUX', 'UPS']",0.22094267815499896,
equity_max_sharpe,equity,max_sharpe,2021-04-05,2022-03-31,2022-04-01,True,False,0.2,"['ADBE', 'AMGN', 'AMT', 'BA', 'CMCSA', 'D', 'DIS', 'DOW', 'DUK', 'EA', 'GILD', 'GS', 'INTC', 'KO', 'SHW', 'TMUS', 'TTWO', 'V', 'WMT']",0.23833201095655396,
equity_max_sharpe,equity,max_sharpe,2021-05-03,2022-04-29,2022-05-02,True,False,0.2,"['AEP', 'AMD', 'AMT', 'CAT', 'CCI', 'CMCSA', 'DD', 'EA', 'GILD', 'MS', 'NEM', 'NKE', 'NVDA', 'O', 'SHW', 'SO', 'T', 'UPS', 'WFC']",0.32415177042080984,
equity_max_sharpe,equity,max_sharpe,2021-06-02,2022-05-31,2022-06-01,True,False,0.2,"['ABT', 'AMT', 'CAT', 'CMCSA', 'GILD', 'NEM', 'NUE', 'NVDA', 'PLD', 'PSA', 'SHW', 'SLB', 'V', 'WFC', 'WMT']",0.54719100776359,
equity_max_sharpe,equity,max_sharpe,2021-07-01,2022-06-30,2022-07-01,True,False,0.2,"['ABT', 'AMD', 'CCI', 'COP', 'D', 'DOW', 'EA', 'GILD', 'GS', 'NEM', 'NKE', 'SBUX', 'SHW', 'T', 'WMT']",0.2682200934161809,
equity_max_sharpe,equity,max_sharpe,2021-07-30,2022-07-29,2022-08-01,True,False,0.2,"['ABT', 'ADBE', 'AEP', 'AMGN', 'AMT', 'BA', 'CAT', 'CMCSA', 'COP', 'D', 'DD', 'DIS', 'DUK', 'GE', 'GS', 'INTC', 'NEE', 'NEM', 'NKE', 'O', 'PLD', 'SLB', 'TMUS', 'USB', 'V']",0.14291208997447044,
equity_max_sharpe,equity,max_sharpe,2021-09-01,2022-08-31,2022-09-01,True,False,0.2,"['ADBE', 'AMD', 'AMT', 'CAT', 'CCI', 'DD', 'DUK', 'EA', 'GE', 'GS', 'INTC', 'MMM', 'MS', 'NKE', 'NUE', 'NVDA', 'O', 'PLD', 'QCOM', 'SBUX', 'SLB', 'T', 'TTWO', 'USB', 'V', 'WFC', 'WMT']",0.24296879262226478,
equity_max_sharpe,equity,max_sharpe,2021-10-01,2022-09-30,2022-10-03,True,False,0.2,"['ABT', 'ADBE', 'AMD', 'CAT', 'D', 'EA', 'GILD', 'MS', 'NEE', 'NEM', 'O', 'QCOM', 'SBUX', 'TMUS', 'TTWO', 'UPS', 'WMT']",0.20982783009453615,
equity_max_sharpe,equity,max_sharpe,2021-11-01,2022-10-31,2022-11-01,True,False,0.2,"['ABT', 'CCI', 'COP', 'D', 'DOW', 'GS', 'MMM', 'MS', 'O', 'PLD', 'PSA', 'QCOM', 'SBUX', 'SHW', 'SO', 'T', 'USB', 'V', 'WMT']",0.378183199604765,
equity_max_sharpe,equity,max_sharpe,2021-12-01,2022-11-30,2022-12-01,True,False,0.2,"['ABT', 'ADBE', 'AEP', 'CCI', 'CMCSA', 'COP', 'D', 'DD', 'DIS', 'GE', 'GS', 'INTC', 'MS', 'NEE', 'NEM', 'NVDA', 'PLD', 'PSA', 'SBUX', 'SHW', 'SLB', 'SO', 'T', 'UPS', 'USB', 'V', 'WFC', 'WMT']",0.19898230120565072,
equity_max_sharpe,equity,max_sharpe,2021-12-31,2022-12-30,2023-01-03,True,False,0.2,"['ABT', 'ADBE', 'AMD', 'BA', 'CAT', 'CCI', 'CMCSA', 'COP', 'DD', 'DIS', 'DOW', 'GE', 'INTC', 'MMM', 'MS', 'NEE', 'NEM', 'NKE', 'NUE', 'NVDA', 'PLD', 'QCOM', 'SHW', 'TTWO', 'UPS', 'USB', 'WFC']",0.13649074519207627,
equity_max_sharpe,equity,max_sharpe,2022-01-31,2023-01-31,2023-02-01,True,False,0.2,"['ABT', 'ADBE', 'AEP', 'AMD', 'CAT', 'CCI', 'COP', 'CVX', 'DD', 'DIS', 'EA', 'INTC', 'MMM', 'MS', 'NEE', 'NKE', 'PSA', 'QCOM', 'SBUX', 'SHW', 'SLB', 'SO', 'TTWO', 'USB', 'V']",0.4175273810878322,
equity_max_sharpe,equity,max_sharpe,2022-02-28,2023-02-28,2023-03-01,True,False,0.2,"['ADBE', 'AEP', 'AMT', 'BA', 'COP', 'DD', 'DOW', 'DUK', 'EA', 'KO', 'MMM', 'MS', 'NEE', 'PLD', 'SHW', 'SO', 'V']",0.2716919992548744,
equity_max_sharpe,equity,max_sharpe,2022-03-31,2023-03-31,2023-04-03,True,False,0.2,"['ABBV', 'KO', 'O', 'TMUS']",0.29376638102671115,
equity_max_sharpe,equity,max_sharpe,2022-04-28,2023-04-28,2023-05-01,True,False,0.2,"['ABBV', 'ABT', 'ADBE', 'AEP', 'AMD', 'BA', 'CAT', 'CCI', 'CMCSA', 'COP', 'CVX', 'D', 'DD', 'DIS', 'GS', 'INTC', 'MMM', 'MS', 'NEE', 'NEM', 'NKE', 'NUE', 'O', 'OXY', 'PLD', 'QCOM', 'SHW', 'SLB', 'T', 'TMUS', 'TTWO', 'UPS', 'USB', 'V']",0.15153965921025234,
equity_max_sharpe,equity,max_sharpe,2022-05-31,2023-05-31,2023-06-01,True,False,0.2,"['CMCSA', 'CVX', 'EA', 'KO', 'NEE', 'O', 'OXY', 'PSA', 'SO', 'T', 'UPS']",0.41897148764304426,
equity_max_sharpe,equity,max_sharpe,2022-06-30,2023-06-30,2023-07-03,True,False,0.2,"['CMCSA', 'COP', 'CVX', 'DUK', 'KO', 'O', 'OXY', 'PSA', 'SBUX', 'SO', 'T']",0.11729762671707554,
equity_max_sharpe,equity,max_sharpe,2022-07-29,2023-07-31,2023-08-01,True,False,0.2,"['BA', 'CCI', 'DD', 'DOW', 'DUK', 'EA', 'KO', 'O', 'OXY', 'PSA', 'QCOM', 'WFC']",0.08986294498506069,
equity_max_sharpe,equity,max_sharpe,2022-08-31,2023-08-31,2023-09-01,True,False,0.2,"['AEP', 'AMD', 'AMGN', 'AMT', 'COP', 'D', 'DIS', 'EA', 'GS', 'KO', 'MS', 'O', 'OXY', 'PSA', 'SBUX', 'SHW', 'TTWO', 'V', 'WFC', 'XOM']",0.14396437729794392,
equity_max_sharpe,equity,max_sharpe,2022-09-29,2023-09-29,2023-10-02,True,False,0.2,"['ABBV', 'ABT', 'ADBE', 'AMD', 'AMT', 'BA', 'CCI', 'D', 'DD', 'DIS', 'DOW', 'DUK', 'EA', 'INTC', 'MS', 'NEE', 'NUE', 'QCOM', 'T', 'TMUS', 'TTWO', 'V', 'XOM']",0.20886530323662297,
equity_max_sharpe,equity,max_sharpe,2022-10-31,2023-10-31,2023-11-01,True,False,0.2,"['ABBV', 'ABT', 'AEP', 'AMGN', 'AMT', 'COP', 'DOW', 'DUK', 'EA', 'GILD', 'NEM', 'SBUX', 'SLB', 'SO', 'T', 'TMUS', 'V', 'XOM']",0.2792496887890882,
equity_max_sharpe,equity,max_sharpe,2022-11-30,2023-11-30,2023-12-01,True,False,0.2,"['ABT', 'AMD', 'CAT', 'CCI', 'CMCSA', 'CVX', 'DD', 'DIS', 'DOW', 'EA', 'GS', 'MMM', 'MS', 'NKE', 'NUE', 'OXY', 'PLD', 'QCOM', 'SHW', 'SLB', 'USB']",0.5251064170706241,
equity_min_cvar,equity,min_cvar,2020-01-03,2020-12-31,2021-01-04,True,False,0.2,"['ABT', 'ADBE', 'AEP', 'AMD', 'AMGN', 'AMT', 'BA', 'CAT', 'CCI', 'CMCSA', 'COP', 'CVX', 'D', 'DD', 'DIS', 'DOW', 'DUK', 'EA', 'GE', 'GS', 'INTC', 'KO', 'MMM', 'MS', 'NEE', 'NUE', 'NVDA', 'O', 'OXY', 'PLD', 'PSA', 'QCOM', 'SBUX', 'SHW', 'SLB', 'SO', 'T', 'TMUS', 'UPS', 'USB', 'V', 'WFC', 'XOM']",,
equity_min_cvar,equity,min_cvar,2020-01-31,2021-01-29,2021-02-01,True,False,0.2,"['ABT', 'ADBE', 'AEP', 'AMD', 'AMGN', 'AMT', 'BA', 'CAT', 'CCI', 'CMCSA', 'COP', 'CVX', 'D', 'DD', 'DIS', 'DOW', 'DUK', 'GS', 'INTC', 'KO', 'MS', 'NEE', 'NKE', 'NUE', 'NVDA', 'O', 'OXY', 'PLD', 'PSA', 'QCOM', 'SBUX', 'SHW', 'SLB', 'SO', 'T', 'TMUS', 'UPS', 'USB', 'V', 'WFC', 'XOM']",0.13230670049951646,
equity_min_cvar,equity,min_cvar,2020-02-28,2021-02-26,2021-03-01,True,False,0.2,"['ABT', 'ADBE', 'AEP', 'AMD', 'AMGN', 'AMT', 'BA', 'CAT', 'CCI', 'CMCSA', 'COP', 'CVX', 'D', 'DD', 'DIS', 'DOW', 'DUK', 'EA', 'GS', 'INTC', 'KO', 'MS', 'NEE', 'NUE', 'NVDA', 'O', 'OXY', 'PLD', 'QCOM', 'SBUX', 'SHW', 'SLB', 'SO', 'T', 'TMUS', 'UPS', 'USB', 'V', 'WFC', 'XOM']",0.070711680698459,
equity_min_cvar,equity,min_cvar,2020-04-01,2021-03-31,2021-04-01,True,False,0.2,"['ABT', 'ADBE', 'AEP', 'AMD', 'AMGN', 'AMT', 'BA', 'CAT', 'CCI', 'CMCSA', 'COP', 'CVX', 'DD', 'DIS', 'DOW', 'GE', 'GILD', 'GS', 'INTC', 'KO', 'MRK', 'MS', 'NEE', 'NEM', 'NUE', 'NVDA', 'O', 'OXY', 'PLD', 'QCOM', 'SBUX', 'SHW', 'SLB', 'SO', 'UPS', 'USB', 'V', 'WFC', 'XOM']",0.5489734923538137,
equity_min_cvar,equity,min_cvar,2020-05-01,2021-04-30,2021-05-03,True,False,0.2,"['ABT', 'ADBE', 'AEP', 'AMD', 'AMGN', 'AMT', 'BA', 'CAT', 'CCI', 'CMCSA', 'COP', 'CVX', 'DD', 'DIS', 'DOW', 'EA', 'GE', 'GS', 'INTC', 'KO', 'MRK', 'MS', 'NEE', 'NEM', 'NUE', 'NVDA', 'O', 'OXY', 'PLD', 'QCOM', 'SBUX', 'SLB', 'SO', 'T', 'TMUS', 'UPS', 'USB', 'V', 'WFC', 'XOM']",0.22892490797227388,
equity_min_cvar,equity,min_cvar,2020-06-01,2021-05-28,2021-06-01,True,False,0.2,"['ABT', 'ADBE', 'AMD', 'AMGN', 'AMT', 'BA', 'CAT', 'CCI', 'CMCSA', 'COP', 'CVX', 'D', 'DD', 'DIS', 'DOW', 'GE', 'GS', 'INTC', 'KO', 'MRK', 'MS', 'NEE', 'NEM', 'NUE', 'NVDA', 'O', 'OXY', 'PLD', 'QCOM', 'SBUX', 'SLB', 'TMUS', 'TTWO', 'UPS', 'USB', 'V', 'WFC', 'XOM']",0.21988444774208138,
equity_min_cvar,equity,min_cvar,2020-07-01,2021-06-30,2021-07-01,True,False,0.2,"['ABT', 'ADBE', 'AMD', 'AMGN', 'AMT', 'BA', 'CAT', 'CMCSA', 'COP', 'CVX', 'D', 'DD', 'DIS', 'DOW', 'GE', 'INTC', 'KO', 'MRK', 'MS', 'NEE', 'NEM', 'NUE', 'NVDA', 'O', 'OXY', 'PLD', 'QCOM', 'SBUX', 'SLB', 'TMUS', 'TTWO', 'UPS', 'USB', 'V', 'WFC', 'XOM']",0.32270474610940736,
equity_min_cvar,equity,min_cvar,2020-07-31,2021-07-30,2021-08-02,True,False,0.2,"['ABT', 'ADBE', 'AMD', 'AMGN', 'AMT', 'BA', 'CAT', 'CCI', 'CMCSA', 'COP', 'CVX', 'D', 'DD', 'DIS', 'DOW', 'GE', 'GS', 'INTC', 'KO', 'MRK', 'MS', 'NEE', 'NEM', 'NUE', 'NVDA', 'O', 'PLD', 'QCOM', 'SBUX', 'SLB', 'TMUS', 'TTWO', 'UPS', 'USB', 'V', 'WFC', 'XOM']",0.08280439655872214,
equity_min_cvar,equity,min_cvar,2020-09-01,2021-08-31,2021-09-01,True,False,0.2,"['ABT', 'ADBE', 'AMD', 'AMGN', 'AMT', 'BA', 'CAT', 'CCI', 'CMCSA', 'COP', 'CVX', 'D', 'DD', 'DIS', 'DOW', 'GE', 'GS', 'INTC', 'KO', 'MRK', 'MS', 'NEE', 'NEM', 'NUE', 'NVDA', 'O', 'PLD', 'QCOM', 'SBUX', 'SLB', 'TMUS', 'TTWO', 'UPS', 'USB', 'V', 'WFC', 'XOM']",0.012756107490124983,
equity_min_cvar,equity,min_cvar,2020-10-01,2021-09-30,2021-10-01,True,False,0.2,"['ABBV', 'ADBE', 'AMD', 'AMGN', 'AMT', 'BA', 'CAT', 'CCI', 'CMCSA', 'COP', 'CVX', 'D', 'DD', 'DIS', 'DOW', 'DUK', 'GS', 'INTC', 'KO', 'MRK', 'MS', 'NEM', 'NUE', 'NVDA', 'O', 'OXY', 'PLD', 'QCOM', 'SBUX', 'SLB', 'TMUS', 'UPS', 'USB', 'V', 'WFC', 'XOM']",0.33235214381623607,
equity_min_cvar,equity,min_cvar,2020-10-30,2021-10-29,2021-11-01,True,False,0.2,"['ABBV', 'ADBE', 'AEP', 'AMD', 'AMGN', 'AMT', 'BA', 'CAT', 'CMCSA', 'CVX', 'D', 'DD', 'DIS', 'DOW', 'GS', 'INTC', 'MS', 'NEE', 'NEM', 'NUE', 'NVDA', 'O', 'OXY', 'PLD', 'QCOM', 'SBUX', 'SLB', 'SO', 'T', 'TMUS', 'TTWO', 'UPS', 'USB', 'V', 'XOM']",0.31695436559073353,
equity_min_cvar,equity,min_cvar,2020-12-01,2021-11-30,2021-12-01,True,False,0.2,"['ABBV', 'ADBE', 'AEP', 'AMD', 'AMGN', 'AMT', 'BA', 'CAT', 'CCI', 'CMCSA', 'COP', 'D', 'DD', 'DIS', 'DOW', 'DUK', 'GE', 'GS', 'INTC', 'KO', 'MS', 'NEE', 'NEM', 'NKE', 'NUE', 'NVDA', 'OXY', 'PLD', 'QCOM', 'SLB', 'SO', 'TMUS', 'TTWO', 'UPS', 'USB', 'V', 'WFC', 'WMT', 'XOM']",0.3473513208465698,
equity_min_cvar,equity,min_cvar,2021-01-04,2021-12-31,2022-01-03,True,False,0.2,"['ABBV', 'ADBE', 'AEP', 'AMD', 'AMGN', 'AMT', 'BA', 'CAT', 'CCI', 'CMCSA', 'COP', 'D', 'DD', 'DIS', 'DOW', 'DUK', 'GE', 'GS', 'INTC', 'KO', 'MS', 'NEE', 'NEM', 'NUE', 'NVDA', 'OXY', 'PLD', 'QCOM', 'SBUX', 'SLB', 'SO', 'TMUS', 'UPS', 'USB', 'V', 'WFC', 'WMT', 'XOM']",0.12735020649950396,
equity_min_cvar,equity,min_cvar,2021-02-02,2022-01-31,2022-02-01,True,False,0.2,"['ADBE', 'AEP', 'AMD', 'AMGN', 'AMT', 'BA', 'CAT', 'CCI', 'CMCSA', 'COP', 'D', 'DD', 'DIS', 'DOW', 'DUK', 'GE', 'GS', 'KO', 'MMM', 'NEE', 'NEM', 'NUE', 'NVDA', 'O', 'OXY', 'PLD', 'QCOM', 'SLB', 'SO', 'TMUS', 'UPS', 'USB', 'WFC', 'WMT', 'XOM']",0.32090766960203054,
equity_min_cvar,equity,min_cvar,2021-03-02,2022-02-28,2022-03-01,True,False,0.2,"['ADBE', 'AEP', 'AMD', 'AMGN', 'AMT', 'BA', 'CAT', 'CCI', 'CMCSA', 'COP', 'CVX', 'D', 'DD', 'DOW', 'DUK', 'GE', 'GS', 'INTC', 'MMM', 'MS', 'NEE', 'NEM', 'NUE', 'NVDA', 'O', 'PLD', 'QCOM', 'SBUX', 'SLB', 'T', 'TMUS', 'UPS', 'USB', 'WFC', 'WMT', 'XOM']",0.555204366626964,
equity_min_cvar,equity,min_cvar,2021-04-05,2022-03-31,2022-04-01,True,False,0.2,"['ABT', 'ADBE', 'AEP', 'AMD', 'AMGN', 'AMT', 'BA', 'CCI', 'CMCSA', 'COP', 'D', 'DD', 'DOW', 'DUK', 'GE', 'GS', 'INTC', 'KO', 'MMM', 'MS', 'NKE', 'NUE', 'NVDA', 'O', 'OXY', 'PLD', 'QCOM', 'SBUX', 'SLB', 'T', 'UPS', 'USB', 'V', 'WFC', 'XOM']",0.4681392328762124,
equity_min_cvar,equity,min_cvar,2021-05-03,2022-04-29,2022-05-02,True,False,0.2,"['ABT', 'ADBE', 'AEP', 'AMD', 'AMGN', 'AMT', 'BA', 'CCI', 'CMCSA', 'COP', 'CVX', 'D', 'DD', 'DOW', 'DUK', 'GE', 'GS', 'INTC', 'MMM', 'MS', 'NEE', 'NKE', 'NUE', 'NVDA', 'O', 'OXY', 'PLD', 'PSA', 'QCOM', 'T', 'UPS', 'USB', 'V', 'WFC', 'XOM']",0.3809461318544008,
equity_min_cvar,equity,min_cvar,2021-06-02,2022-05-31,2022-06-01,True,False,0.2,"['ABBV', 'ABT', 'ADBE', 'AMD', 'AMGN', 'AMT', 'BA', 'CCI', 'CMCSA', 'COP', 'CVX', 'D', 'DD', 'DOW', 'DUK', 'GS', 'INTC', 'KO', 'MMM', 'MS', 'NEE', 'NKE', 'NUE', 'NVDA', 'O', 'OXY', 'PLD', 'PSA', 'QCOM', 'SBUX', 'T', 'TMUS', 'UPS', 'USB', 'V', 'WFC', 'WMT', 'XOM']",0.29285239380254735,
equity_min_cvar,equity,min_cvar,2021-07-01,2022-06-30,2022-07-01,True,False,0.2,"['ABBV', 'ABT', 'ADBE', 'AEP', 'AMD', 'AMT', 'BA', 'CAT', 'CCI', 'CMCSA', 'COP', 'DD', 'DOW', 'DUK', 'GE', 'GS', 'INTC', 'KO', 'MS', 'NEE', 'NKE', 'NUE', 'NVDA', 'OXY', 'PLD', 'PSA', 'QCOM', 'SLB', 'T', 'TMUS', 'UPS', 'USB', 'V', 'WFC', 'XOM']",0.43226838497230585,
equity_min_cvar,equity,min_cvar,2021-07-30,2022-07-29,2022-08-01,True,False,0.2,"['ABBV', 'ABT', 'ADBE', 'AEP', 'AMD', 'AMT', 'BA', 'CAT', 'CCI', 'CMCSA', 'COP', 'DD', 'DOW', 'DUK', 'GE', 'GS', 'INTC', 'KO', 'MS', 'NEE', 'NKE', 'NUE', 'NVDA', 'OXY', 'PLD', 'PSA', 'QCOM', 'SLB', 'T', 'TMUS', 'UPS', 'USB', 'V', 'WFC', 'XOM']",0.05627598690037562,
equity_min_cvar,equity,min_cvar,2021-09-01,2022-08-31,2022-09-01,True,False,0.2,"['ABBV', 'ABT', 'ADBE', 'AEP', 'AMD', 'AMT', 'BA', 'CAT', 'CCI', 'CMCSA', 'DD', 'DIS', 'DOW', 'DUK', 'GE', 'GS', 'INTC', 'MMM', 'MS', 'NEE', 'NKE', 'NUE', 'NVDA', 'O', 'OXY', 'PLD', 'PSA', 'QCOM', 'SLB', 'TMUS', 'UPS', 'USB', 'V', 'WFC', 'XOM']",0.16190622330207252,
equity_min_cvar,equity,min_cvar,2021-10-01,2022-09-30,2022-10-03,True,False,0.2,"['ABT', 'ADBE', 'AEP', 'AMD', 'AMT', 'BA', 'CAT', 'CCI', 'CMCSA', 'COP', 'D', 'DD', 'DIS', 'DOW', 'DUK', 'GE', 'GS', 'INTC', 'MMM', 'MS', 'NEE', 'NKE', 'NUE', 'NVDA', 'O', 'OXY', 'PLD', 'PSA', 'QCOM', 'SHW', 'SLB', 'SO', 'TMUS', 'UPS', 'USB', 'V', 'WFC', 'XOM']",0.4161504149176922,
equity_min_cvar,equity,min_cvar,2021-11-01,2022-10-31,2022-11-01,True,False,0.2,"['ABT', 'ADBE', 'AEP', 'AMD', 'AMT', 'BA', 'CAT', 'CCI', 'CMCSA', 'COP', 'D', 'DD', 'DIS', 'DOW', 'DUK', 'GE', 'GS', 'INTC', 'MMM', 'MS', 'NEE', 'NKE', 'NUE', 'NVDA', 'OXY', 'PLD', 'PSA', 'QCOM', 'SLB', 'SO', 'T', 'TMUS', 'UPS', 'USB', 'V', 'WFC', 'XOM']",0.13653995246495285,
equity_min_cvar,equity,min_cvar,2021-12-01,2022-11-30,2022-12-01,True,False,0.2,"['ABT', 'ADBE', 'AEP', 'AMD', 'AMT', 'BA', 'CAT', 'CCI', 'CMCSA', 'COP', 'D', 'DD', 'DIS', 'DOW', 'DUK', 'GE', 'GILD', 'GS', 'INTC', 'MS', 'NEE', 'NKE', 'NUE', 'NVDA', 'OXY', 'PLD', 'PSA', 'QCOM', 'SBUX', 'SLB', 'SO', 'TMUS', 'TTWO', 'UPS', 'USB', 'V', 'WFC']",0.2907848222528695,
equity_min_cvar,equity,min_cvar,2021-12-31,2022-12-30,2023-01-03,True,False,0.2,"['ABT', 'ADBE', 'AEP', 'AMD', 'AMT', 'BA', 'CAT', 'CCI', 'CMCSA', 'COP', 'CVX', 'D', 'DD', 'DIS', 'DOW', 'GE', 'GILD', 'GS', 'INTC', 'MS', 'NEE', 'NEM', 'NKE', 'NUE', 'NVDA', 'OXY', 'PLD', 'PSA', 'QCOM', 'SBUX', 'SHW', 'SLB', 'SO', 'T', 'TMUS', 'TTWO', 'UPS', 'USB', 'V', 'WFC']",0.2202035808674571,
equity_min_cvar,equity,min_cvar,2022-01-31,2023-01-31,2023-02-01,True,False,0.2,"['ABT', 'ADBE', 'AEP', 'AMD', 'AMT', 'BA', 'CAT', 'CCI', 'CMCSA', 'CVX', 'DD', 'DIS', 'DOW', 'DUK', 'GE', 'GILD', 'GS', 'INTC', 'MMM', 'MS', 'NEE', 'NEM', 'NKE', 'NUE', 'NVDA', 'OXY', 'PLD', 'PSA', 'QCOM', 'SBUX', 'SHW', 'SLB', 'SO', 'T', 'TMUS', 'TTWO', 'UPS', 'USB', 'V', 'WFC']",0.17300102142173393,
equity_min_cvar,equity,min_cvar,2022-02-28,2023-02-28,2023-03-01,True,False,0.2,"['ABBV', 'ABT', 'ADBE', 'AEP', 'AMD', 'AMT', 'BA', 'CAT', 'CCI', 'CMCSA', 'COP', 'CVX', 'D', 'DD', 'DIS', 'DOW', 'GE', 'GS', 'INTC', 'KO', 'MMM', 'MS', 'NEE', 'NKE', 'NUE', 'NVDA', 'OXY', 'PLD', 'PSA', 'QCOM', 'SHW', 'SLB', 'TMUS', 'UPS', 'USB', 'V', 'WFC']",0.25306187537655134,
equity_min_cvar,equity,min_cvar,2022-03-31,2023-03-31,2023-04-03,True,False,0.2,"['ABBV', 'ADBE', 'AEP', 'AMD', 'AMT', 'BA', 'CAT', 'CCI', 'CMCSA', 'CVX', 'D', 'DD', 'DIS', 'DOW', 'GE', 'GILD', 'GS', 'INTC', 'KO', 'MMM', 'MS', 'NEE', 'NKE', 'NUE', 'NVDA', 'OXY', 'PLD', 'PSA', 'QCOM', 'SHW', 'SLB', 'TMUS', 'TTWO', 'UPS', 'USB', 'V', 'WFC']",0.15731762457188272,
equity_min_cvar,equity,min_cvar,2022-04-28,2023-04-28,2023-05-01,True,False,0.2,"['ABBV', 'ABT', 'ADBE', 'AEP', 'AMD', 'AMT', 'BA', 'CAT', 'CCI', 'CMCSA', 'CVX', 'D', 'DD', 'DIS', 'DOW', 'GE', 'GILD', 'GS', 'INTC', 'KO', 'MMM', 'MS', 'NEE', 'NKE', 'NUE', 'NVDA', 'OXY', 'PLD', 'PSA', 'QCOM', 'SHW', 'SLB', 'SO', 'TMUS', 'TTWO', 'UPS', 'USB', 'V', 'WFC']",0.22495236267678678,
equity_min_cvar,equity,min_cvar,2022-05-31,2023-05-31,2023-06-01,True,False,0.2,"['ABT', 'ADBE', 'AEP', 'AMD', 'AMT', 'BA', 'CAT', 'CCI', 'CMCSA', 'COP', 'CVX', 'DD', 'DIS', 'DOW', 'GE', 'GILD', 'GS', 'INTC', 'MMM', 'MS', 'NEE', 'NEM', 'NKE', 'NUE', 'NVDA', 'OXY', 'PLD', 'PSA', 'QCOM', 'SHW', 'SLB', 'SO', 'T', 'TMUS', 'TTWO', 'USB', 'V', 'WFC', 'XOM']",0.4328899636455638,
equity_min_cvar,equity,min_cvar,2022-06-30,2023-06-30,2023-07-03,True,False,0.2,"['ABT', 'ADBE', 'AEP', 'AMD', 'AMGN', 'AMT', 'BA', 'CAT', 'CCI', 'CMCSA', 'COP', 'CVX', 'D', 'DD', 'DIS', 'DOW', 'DUK', 'GE', 'GILD', 'GS', 'INTC', 'MMM', 'NEE', 'NKE', 'NUE', 'NVDA', 'OXY', 'PLD', 'QCOM', 'SBUX', 'SHW', 'SLB', 'TTWO', 'USB', 'WFC', 'XOM']",0.25146581341534335,
equity_min_cvar,equity,min_cvar,2022-07-29,2023-07-31,2023-08-01,True,False,0.2,"['ABT', 'ADBE', 'AEP', 'AMD', 'AMGN', 'AMT', 'BA', 'CAT', 'CCI', 'CMCSA', 'CVX', 'DD', 'DIS', 'DOW', 'DUK', 'GE', 'GILD', 'GS', 'INTC', 'MMM', 'MS', 'NEE', 'NKE', 'NUE', 'NVDA', 'OXY', 'PLD', 'QCOM', 'SBUX', 'SHW', 'SLB', 'TTWO', 'USB', 'V', 'WFC', 'XOM']",0.14104172563189407,
equity_min_cvar,equity,min_cvar,2022-08-31,2023-08-31,2023-09-01,True,False,0.2,"['ADBE', 'AEP', 'AMD', 'AMGN', 'AMT', 'BA', 'CAT', 'CCI', 'CMCSA', 'COP', 'CVX', 'D', 'DD', 'DIS', 'DOW', 'GE', 'GILD', 'INTC', 'MMM', 'MS', 'NEE', 'NKE', 'NUE', 'NVDA', 'PLD', 'PSA', 'QCOM', 'SHW', 'SO', 'T', 'TTWO', 'USB', 'WFC', 'XOM']",0.39689600209298803,
equity_min_cvar,equity,min_cvar,2022-09-29,2023-09-29,2023-10-02,True,False,0.2,"['ABBV', 'ADBE', 'AEP', 'AMD', 'AMT', 'BA', 'CAT', 'CCI', 'COP', 'CVX', 'D', 'DD', 'DIS', 'DOW', 'DUK', 'GILD', 'INTC', 'MMM', 'MS', 'NEE', 'NKE', 'NUE', 'OXY', 'PLD', 'QCOM', 'SBUX', 'SHW', 'SLB', 'SO', 'T', 'TTWO', 'UPS', 'USB', 'WFC']",0.39993215950439565,
equity_min_cvar,equity,min_cvar,2022-10-31,2023-10-31,2023-11-01,True,False,0.2,"['ABT', 'ADBE', 'AEP', 'AMD', 'AMGN', 'AMT', 'BA', 'CAT', 'CCI', 'COP', 'CVX', 'D', 'DD', 'DIS', 'DOW', 'GE', 'MMM', 'MS', 'NEE', 'NEM', 'NKE', 'NUE', 'O', 'OXY', 'PLD', 'PSA', 'QCOM', 'SBUX', 'SHW', 'SO', 'UPS', 'USB', 'V', 'WFC', 'XOM']",0.3702702516649917,
equity_min_cvar,equity,min_cvar,2022-11-30,2023-11-30,2023-12-01,True,False,0.2,"['ABT', 'ADBE', 'AEP', 'AMD', 'AMGN', 'AMT', 'BA', 'CAT', 'CCI', 'CVX', 'D', 'DD', 'DIS', 'DOW', 'GE', 'MMM', 'MS', 'NEE', 'NEM', 'NKE', 'NUE', 'O', 'OXY', 'PLD', 'PSA', 'QCOM', 'SBUX', 'SHW', 'SLB', 'T', 'TTWO', 'UPS', 'USB', 'WFC', 'XOM']",0.21766711465342453,
equity_min_variance,equity,min_variance,2020-01-03,2020-12-31,2021-01-04,True,False,0.2,"['ABT', 'ADBE', 'AEP', 'AMGN', 'CMCSA', 'COP', 'CVX', 'D', 'DD', 'DIS', 'GS', 'KO', 'MS', 'NUE', 'PLD', 'SLB', 'SO', 'USB', 'WFC', 'XOM']",,
equity_min_variance,equity,min_variance,2020-01-31,2021-01-29,2021-02-01,True,False,0.2,"['ADBE', 'AMGN', 'AMT', 'BA', 'CAT', 'CMCSA', 'COP', 'DIS', 'DOW', 'NEE', 'OXY', 'PLD', 'SLB', 'T', 'TMUS']",0.05527449860200166,
equity_min_variance,equity,min_variance,2020-02-28,2021-02-26,2021-03-01,True,False,0.2,"['AEP', 'AMT', 'BA', 'CAT', 'CCI', 'DUK', 'GE', 'GS', 'INTC', 'KO', 'O', 'OXY', 'PLD', 'SHW']",0.09364656907321481,
equity_min_variance,equity,min_variance,2020-04-01,2021-03-31,2021-04-01,True,False,0.2,"['ABT', 'AEP', 'BA', 'CAT', 'CMCSA', 'GE', 'KO', 'MS', 'NVDA', 'OXY', 'SBUX', 'SHW', 'TMUS', 'XOM']",0.2985399686952344,
equity_min_variance,equity,min_variance,2020-05-01,2021-04-30,2021-05-03,True,False,0.2,"['ABT', 'AMGN', 'AMT', 'BA', 'CMCSA', 'COP', 'CVX', 'DD', 'DIS', 'GS', 'MS', 'NUE', 'PLD', 'SHW', 'SLB', 'TMUS', 'USB']",0.19806639580454738,
equity_min_variance,equity,min_variance,2020-06-01,2021-05-28,2021-06-01,True,False,0.2,"['ABT', 'BA', 'CAT', 'CCI', 'CMCSA', 'CVX', 'DD', 'GE', 'INTC', 'NEM', 'O', 'PLD', 'QCOM', 'SHW', 'SLB', 'UPS', 'V', 'WFC', 'XOM']",0.1115579524697796,
equity_min_variance,equity,min_variance,2020-07-01,2021-06-30,2021-07-01,True,False,0.2,"['ADBE', 'AMGN', 'CMCSA', 'COP', 'CVX', 'DOW', 'GE', 'INTC', 'KO', 'NEM', 'O', 'PLD', 'SLB', 'USB', 'WFC', 'XOM']",0.19977960061630673,
equity_min_variance,equity,min_variance,2020-07-31,2021-07-30,2021-08-02,True,False,0.2,"['ADBE', 'AMT', 'CMCSA', 'COP', 'KO', 'NEE', 'NEM', 'PLD', 'QCOM', 'SHW', 'TMUS', 'V', 'XOM']",0.07783296763323866,
equity_min_variance,equity,min_variance,2020-09-01,2021-08-31,2021-09-01,True,False,0.2,"['AMT', 'CVX', 'KO', 'MS', 'NEE', 'NEM', 'NUE', 'NVDA', 'QCOM', 'SHW', 'SO', 'TMUS', 'UPS', 'USB', 'WFC', 'XOM']",0.05538140273800378,
equity_min_variance,equity,min_variance,2020-10-01,2021-09-30,2021-10-01,True,False,0.2,"['ADBE', 'CAT', 'CMCSA', 'COP', 'DOW', 'KO', 'NEM', 'NVDA', 'O', 'PLD', 'SHW', 'SO', 'TMUS', 'WFC', 'XOM']",0.18021095825047206,
equity_min_variance,equity,min_variance,2020-10-30,2021-10-29,2021-11-01,True,False,0.2,"['AMGN', 'CAT', 'CVX', 'D', 'DD', 'DOW', 'GE', 'MS', 'NEE', 'PLD', 'SHW', 'SLB', 'SO', 'WFC']",0.20753373938562952,
equity_min_variance,equity,min_variance,2020-12-01,2021-11-30,2021-12-01,True,False,0.2,"['ADBE', 'AMT', 'BA', 'CMCSA', 'D', 'DOW', 'MS', 'NEE', 'NUE', 'SLB', 'USB', 'V', 'WFC', 'XOM']",0.1931430378645057,
equity_min_variance,equity,min_variance,2021-01-04,2021-12-31,2022-01-03,True,False,0.2,"['BA', 'CMCSA', 'DD', 'DOW', 'GE', 'NEE', 'PLD', 'SBUX', 'TMUS', 'XOM']",0.12994316778553655,
equity_min_variance,equity,min_variance,2021-02-02,2022-01-31,2022-02-01,True,False,0.2,"['AMGN', 'CMCSA', 'D', 'DD', 'NEE', 'NUE', 'OXY', 'PLD', 'QCOM', 'TMUS', 'V']",0.2879313060826708,
equity_min_variance,equity,min_variance,2021-03-02,2022-02-28,2022-03-01,True,False,0.2,"['AMT', 'CCI', 'CMCSA', 'DOW', 'GE', 'NEE', 'NUE', 'NVDA', 'PLD', 'QCOM', 'SLB', 'T', 'TMUS', 'V', 'WFC']",0.2779871465804159,
equity_min_variance,equity,min_variance,2021-04-05,2022-03-31,2022-04-01,True,False,0.2,"['ABT', 'AMGN', 'BA', 'CCI', 'CMCSA', 'COP', 'DOW', 'GS', 'MMM', 'MS', 'NVDA', 'PLD', 'SBUX', 'USB']",0.1386118406873529,
equity_min_variance,equity,min_variance,2021-05-03,2022-04-29,2022-05-02,True,False,0.2,"['AEP', 'AMD', 'DD', 'DOW', 'GE', 'NUE', 'NVDA', 'O', 'PLD', 'PSA', 'QCOM', 'SLB', 'TMUS', 'UPS', 'USB', 'V', 'WFC', 'XOM']",0.22770380319499267,
equity_min_variance,equity,min_variance,2021-06-02,2022-05-31,2022-06-01,True,False,0.2,"['ABT', 'AEP', 'AMD', 'AMT', 'D', 'MMM', 'MS', 'NEE', 'NVDA', 'O', 'SBUX', 'TMUS', 'WFC', 'XOM']",0.23806673156939231,
equity_min_variance,equity,min_variance,2021-07-01,2022-06-30,2022-07-01,True,False,0.2,"['AMT', 'CCI', 'CMCSA', 'DOW', 'GE', 'GS', 'INTC', 'NUE', 'NVDA', 'O', 'OXY', 'PSA', 'SBUX', 'USB', 'WFC']",0.13430931998736473,
equity_min_variance,equity,min_variance,2021-07-30,2022-07-29,2022-08-01,True,False,0.2,"['ABT', 'AMD', 'BA', 'CMCSA', 'DOW', 'GE', 'MS', 'NEE', 'NKE', 'NVDA', 'O', 'PLD', 'PSA', 'USB', 'V', 'XOM']",0.06809943823953496,
equity_min_variance,equity,min_variance,2021-09-01,2022-08-31,2022-09-01,True,False,0.2,"['ABT', 'AEP', 'AMD', 'CAT', 'D', 'DOW', 'INTC', 'MMM', 'NEE', 'NVDA', 'PLD', 'PSA', 'T', 'TMUS', 'V']",0.17057280292499852,
equity_min_variance,equity,min_variance,2021-10-01,2022-09-30,2022-10-03,True,False,0.2,"['ADBE', 'AEP', 'AMD', 'AMT', 'CAT', 'CCI', 'D', 'DD', 'DIS', 'GS', 'NUE', 'NVDA', 'SO', 'T', 'V', 'XOM']",0.18652239923595365,
equity_min_variance,equity,min_variance,2021-11-01,2022-10-31,2022-11-01,True,False,0.2,"['ABT', 'ADBE', 'AMD', 'AMT', 'CCI', 'CMCSA', 'D', 'DIS', 'DOW', 'MS', 'NEE', 'NUE', 'NVDA', 'PSA', 'SBUX', 'TMUS', 'USB', 'WFC', 'XOM']",0.1521604461984714,
equity_min_variance,equity,min_variance,2021-12-01,2022-11-30,2022-12-01,True,False,0.2,"['ABT', 'ADBE', 'AEP', 'AMT', 'BA', 'CAT', 'CCI', 'COP', 'DOW', 'GS', 'INTC', 'MMM', 'NEE', 'NKE', 'NUE', 'PSA', 'QCOM', 'SHW', 'SLB', 'SO', 'USB', 'V']",0.12850146521042738,
equity_min_variance,equity,min_variance,2021-12-31,2022-12-30,2023-01-03,True,False,0.2,"['ABT', 'AEP', 'AMD', 'CMCSA', 'DD', 'DIS', 'DOW', 'GE', 'MS', 'NEE', 'NKE', 'NVDA', 'OXY', 'PLD', 'PSA', 'QCOM', 'SBUX', 'SHW', 'SLB', 'UPS', 'USB', 'V']",0.05610322996667272,
equity_min_variance,equity,min_variance,2022-01-31,2023-01-31,2023-02-01,True,False,0.2,"['ABT', 'ADBE', 'AMD', 'AMT', 'CCI', 'CMCSA', 'DOW', 'GE', 'GILD', 'GS', 'INTC', 'MMM', 'NEE', 'NKE', 'NUE', 'NVDA', 'OXY', 'QCOM', 'SHW', 'SLB', 'SO', 'UPS', 'USB', 'V', 'WFC']",0.08138492194457873,
equity_min_variance,equity,min_variance,2022-02-28,2023-02-28,2023-03-01,True,False,0.2,"['ABT', 'AEP', 'AMT', 'BA', 'CMCSA', 'COP', 'DOW', 'GE', 'INTC', 'MMM', 'NEE', 'PLD', 'PSA', 'SBUX', 'SHW', 'SLB', 'SO', 'V', 'WFC', 'XOM']",0.10062277613758114,
equity_min_variance,equity,min_variance,2022-03-31,2023-03-31,2023-04-03,True,False,0.2,"['ABT', 'ADBE', 'AMD', 'BA', 'CAT', 'CMCSA', 'COP', 'DD', 'DOW', 'GE', 'GILD', 'GS', 'INTC', 'MMM', 'MS', 'NKE', 'NUE', 'NVDA', 'PSA', 'QCOM', 'SO', 'TMUS', 'UPS', 'USB']",0.09540485441355237,
equity_min_variance,equity,min_variance,2022-04-28,2023-04-28,2023-05-01,True,False,0.2,"['ABT', 'AEP', 'AMD', 'AMT', 'BA', 'CMCSA', 'COP', 'DIS', 'GE', 'GILD', 'GS', 'INTC', 'MMM', 'NUE', 'NVDA', 'PSA', 'QCOM', 'SBUX', 'TMUS', 'USB', 'WFC', 'XOM']",0.09922261487057556,
equity_min_variance,equity,min_variance,2022-05-31,2023-05-31,2023-06-01,True,False,0.2,"['ADBE', 'AEP', 'BA', 'COP', 'DD', 'DIS', 'DOW', 'GE', 'INTC', 'MMM', 'MS', 'NUE', 'NVDA', 'OXY', 'PLD', 'SO', 'TTWO', 'UPS', 'V', 'XOM']",0.15262822954309685,
equity_min_variance,equity,min_variance,2022-06-30,2023-06-30,2023-07-03,True,False,0.2,"['ABT', 'AMD', 'AMT', 'BA', 'COP', 'D', 'GE', 'GILD', 'GS', 'INTC', 'NKE', 'NUE', 'NVDA', 'PLD', 'SBUX', 'UPS']",0.1256579666713139,
equity_min_variance,equity,min_variance,2022-07-29,2023-07-31,2023-08-01,True,False,0.2,"['ADBE', 'AEP', 'BA', 'CAT', 'COP', 'D', 'DD', 'DIS', 'DOW', 'GE', 'INTC', 'MMM', 'MS', 'NEE', 'NEM', 'NKE', 'NUE', 'PLD', 'PSA', 'QCOM', 'SHW', 'SO', 'USB']",0.05124525079216547,
equity_min_variance,equity,min_variance,2022-08-31,2023-08-31,2023-09-01,True,False,0.2,"['AMT', 'CAT', 'CCI', 'CMCSA', 'COP', 'DD', 'DOW', 'GS', 'MMM', 'MS', 'NEM', 'NKE', 'NVDA', 'PLD', 'SBUX', 'SHW', 'SLB', 'SO']",0.10261529325010876,
equity_min_variance,equity,min_variance,2022-09-29,2023-09-29,2023-10-02,True,False,0.2,"['AEP', 'CMCSA', 'D', 'DD', 'DOW', 'MMM', 'NEM', 'NVDA', 'PSA', 'QCOM', 'SBUX', 'UPS', 'WFC', 'XOM']",0.08334130182240347,
equity_min_variance,equity,min_variance,2022-10-31,2023-10-31,2023-11-01,True,False,0.2,"['ABT', 'ADBE', 'AMD', 'AMT', 'BA', 'CCI', 'NEM', 'NKE', 'PLD', 'SBUX', 'SHW']",0.10226406416632751,
equity_min_variance,equity,min_variance,2022-11-30,2023-11-30,2023-12-01,True,False,0.2,"['AMT', 'CMCSA', 'COP', 'D', 'DIS', 'DOW', 'DUK', 'GS', 'NUE', 'PLD', 'QCOM', 'SBUX', 'SHW', 'WFC', 'XOM']",0.1396367443719143,
