fund_name,asset_universe,method,date,turnover
combined_equal_weight,combined,equal_weight,2021-01-04,
combined_equal_weight,combined,equal_weight,2021-02-01,0.045735461348319434
combined_equal_weight,combined,equal_weight,2021-03-01,0.06775775218129507
combined_equal_weight,combined,equal_weight,2021-04-01,0.03509260108878921
combined_equal_weight,combined,equal_weight,2021-05-03,0.07475824087043025
combined_equal_weight,combined,equal_weight,2021-06-01,0.041721742689391626
combined_equal_weight,combined,equal_weight,2021-07-01,0.04903974259352423
combined_equal_weight,combined,equal_weight,2021-08-02,0.02445178467116295
combined_equal_weight,combined,equal_weight,2021-09-01,0.040609463330625886
combined_equal_weight,combined,equal_weight,2021-10-01,0.03429572469883435
combined_equal_weight,combined,equal_weight,2021-11-01,0.035170307554484685
combined_equal_weight,combined,equal_weight,2021-12-01,0.03591605717422467
combined_equal_weight,combined,equal_weight,2022-01-03,0.039135077956303985
combined_equal_weight,combined,equal_weight,2022-02-01,0.054608127410295845
combined_equal_weight,combined,equal_weight,2022-03-01,0.041592507234068585
combined_equal_weight,combined,equal_weight,2022-04-01,0.03297601930324238
combined_equal_weight,combined,equal_weight,2022-05-02,0.044807458371089945
combined_equal_weight,combined,equal_weight,2022-06-01,0.06687277616482935
combined_equal_weight,combined,equal_weight,2022-07-01,0.043922040067420696
combined_equal_weight,combined,equal_weight,2022-08-01,0.03801935484948645
combined_equal_weight,combined,equal_weight,2022-09-01,0.026334939747044622
combined_equal_weight,combined,equal_weight,2022-10-03,0.03977352362301021
combined_equal_weight,combined,equal_weight,2022-11-01,0.038868377968473616
combined_equal_weight,combined,equal_weight,2022-12-01,0.03433475283210966
combined_equal_weight,combined,equal_weight,2023-01-03,0.028707181493547028
combined_equal_weight,combined,equal_weight,2023-02-01,0.036508992597519926
combined_equal_weight,combined,equal_weight,2023-03-01,0.021301805022005092
combined_equal_weight,combined,equal_weight,2023-04-03,0.03468938046122184
combined_equal_weight,combined,equal_weight,2023-05-01,0.02171490049579822
combined_equal_weight,combined,equal_weight,2023-06-01,0.031125691028957965
combined_equal_weight,combined,equal_weight,2023-07-03,0.04414629574385219
combined_equal_weight,combined,equal_weight,2023-08-01,0.030509156409318915
combined_equal_weight,combined,equal_weight,2023-09-01,0.03277279687160014
combined_equal_weight,combined,equal_weight,2023-10-02,0.026668034707894396
combined_equal_weight,combined,equal_weight,2023-11-01,0.023323841287453028
combined_equal_weight,combined,equal_weight,2023-12-01,0.032786079238401884
combined_max_sharpe,combined,max_sharpe,2021-01-04,
combined_max_sharpe,combined,max_sharpe,2021-02-01,0.1990651797813615
combined_max_sharpe,combined,max_sharpe,2021-03-01,0.4844632929235601
combined_max_sharpe,combined,max_sharpe,2021-04-01,0.5500601851408674
combined_max_sharpe,combined,max_sharpe,2021-05-03,0.36322299030439775
combined_max_sharpe,combined,max_sharpe,2021-06-01,0.350562552318765
combined_max_sharpe,combined,max_sharpe,2021-07-01,0.49934448953559024
combined_max_sharpe,combined,max_sharpe,2021-08-02,0.2527116568987784
combined_max_sharpe,combined,max_sharpe,2021-09-01,0.20746296398286262
combined_max_sharpe,combined,max_sharpe,2021-10-01,0.45452246179858546
combined_max_sharpe,combined,max_sharpe,2021-11-01,0.43575464996392765
combined_max_sharpe,combined,max_sharpe,2021-12-01,0.2605075635595163
combined_max_sharpe,combined,max_sharpe,2022-01-03,0.2622243874163033
combined_max_sharpe,combined,max_sharpe,2022-02-01,0.3180625448551564
combined_max_sharpe,combined,max_sharpe,2022-03-01,0.2099445255070847
combined_max_sharpe,combined,max_sharpe,2022-04-01,0.2446743775234441
combined_max_sharpe,combined,max_sharpe,2022-05-02,0.31434034309908343
combined_max_sharpe,combined,max_sharpe,2022-06-01,0.5471908175615185
combined_max_sharpe,combined,max_sharpe,2022-07-01,0.2682190230221993
combined_max_sharpe,combined,max_sharpe,2022-08-01,0.14291077025440974
combined_max_sharpe,combined,max_sharpe,2022-09-01,0.24297836019516744
combined_max_sharpe,combined,max_sharpe,2022-10-03,0.2098210275872126
combined_max_sharpe,combined,max_sharpe,2022-11-01,0.3781817279866973
combined_max_sharpe,combined,max_sharpe,2022-12-01,0.1989844025494764
combined_max_sharpe,combined,max_sharpe,2023-01-03,0.1364918635611547
combined_max_sharpe,combined,max_sharpe,2023-02-01,0.41752743556693045
combined_max_sharpe,combined,max_sharpe,2023-03-01,0.27169217229392306
combined_max_sharpe,combined,max_sharpe,2023-04-03,0.2937676629946617
combined_max_sharpe,combined,max_sharpe,2023-05-01,0.15153742666012446
combined_max_sharpe,combined,max_sharpe,2023-06-01,0.4486165169578228
combined_max_sharpe,combined,max_sharpe,2023-07-03,0.18776719034195183
combined_max_sharpe,combined,max_sharpe,2023-08-01,0.09592859403294915
combined_max_sharpe,combined,max_sharpe,2023-09-01,0.13925509987227042
combined_max_sharpe,combined,max_sharpe,2023-10-02,0.2382128746975231
combined_max_sharpe,combined,max_sharpe,2023-11-01,0.30252993634031955
combined_max_sharpe,combined,max_sharpe,2023-12-01,0.5331091883441854
combined_min_cvar,combined,min_cvar,2021-01-04,
combined_min_cvar,combined,min_cvar,2021-02-01,0.132306700499517
combined_min_cvar,combined,min_cvar,2021-03-01,0.07071168069844452
combined_min_cvar,combined,min_cvar,2021-04-01,0.5614390749554932
combined_min_cvar,combined,min_cvar,2021-05-03,0.26332082272689916
combined_min_cvar,combined,min_cvar,2021-06-01,0.22284044097378122
combined_min_cvar,combined,min_cvar,2021-07-01,0.4315178247966962
combined_min_cvar,combined,min_cvar,2021-08-02,0.13737548141592362
combined_min_cvar,combined,min_cvar,2021-09-01,0.19788691202922465
combined_min_cvar,combined,min_cvar,2021-10-01,0.2965019697444445
combined_min_cvar,combined,min_cvar,2021-11-01,0.3169543655907352
combined_min_cvar,combined,min_cvar,2021-12-01,0.34735132084659326
combined_min_cvar,combined,min_cvar,2022-01-03,0.1273502064994652
combined_min_cvar,combined,min_cvar,2022-02-01,0.32090766960176165
combined_min_cvar,combined,min_cvar,2022-03-01,0.5552043666269479
combined_min_cvar,combined,min_cvar,2022-04-01,0.4681392328762156
combined_min_cvar,combined,min_cvar,2022-05-02,0.3809461318544003
combined_min_cvar,combined,min_cvar,2022-06-01,0.2928523938025589
combined_min_cvar,combined,min_cvar,2022-07-01,0.432268384972321
combined_min_cvar,combined,min_cvar,2022-08-01,0.05627598690037519
combined_min_cvar,combined,min_cvar,2022-09-01,0.16190622330205157
combined_min_cvar,combined,min_cvar,2022-10-03,0.4161504149177458
combined_min_cvar,combined,min_cvar,2022-11-01,0.13653995246495998
combined_min_cvar,combined,min_cvar,2022-12-01,0.2631647178747624
combined_min_cvar,combined,min_cvar,2023-01-03,0.15041672239745604
combined_min_cvar,combined,min_cvar,2023-02-01,0.16239844186046784
combined_min_cvar,combined,min_cvar,2023-03-01,0.2530618753765561
combined_min_cvar,combined,min_cvar,2023-04-03,0.15731762457187
combined_min_cvar,combined,min_cvar,2023-05-01,0.22495236267680713
combined_min_cvar,combined,min_cvar,2023-06-01,0.43288996364697396
combined_min_cvar,combined,min_cvar,2023-07-03,0.2203492130384696
combined_min_cvar,combined,min_cvar,2023-08-01,0.10628799423076285
combined_min_cvar,combined,min_cvar,2023-09-01,0.27420986701514805
combined_min_cvar,combined,min_cvar,2023-10-02,0.47234063420278705
combined_min_cvar,combined,min_cvar,2023-11-01,0.3702702516649995
combined_min_cvar,combined,min_cvar,2023-12-01,0.21766711465341498
combined_min_variance,combined,min_variance,2021-01-04,
combined_min_variance,combined,min_variance,2021-02-01,0.05539827230682878
combined_min_variance,combined,min_variance,2021-03-01,0.09323098756809509
combined_min_variance,combined,min_variance,2021-04-01,0.29913947668336105
combined_min_variance,combined,min_variance,2021-05-03,0.19636437724559824
combined_min_variance,combined,min_variance,2021-06-01,0.11551643414537333
combined_min_variance,combined,min_variance,2021-07-01,0.19920241226129337
combined_min_variance,combined,min_variance,2021-08-02,0.07442193517650099
combined_min_variance,combined,min_variance,2021-09-01,0.05472746825634125
combined_min_variance,combined,min_variance,2021-10-01,0.194208420261889
combined_min_variance,combined,min_variance,2021-11-01,0.20740564580945867
combined_min_variance,combined,min_variance,2021-12-01,0.19459072482353312
combined_min_variance,combined,min_variance,2022-01-03,0.12942276301404915
combined_min_variance,combined,min_variance,2022-02-01,0.28713508500033025
combined_min_variance,combined,min_variance,2022-03-01,0.2775592258505649
combined_min_variance,combined,min_variance,2022-04-01,0.1373287765239326
combined_min_variance,combined,min_variance,2022-05-02,0.22771554502359517
combined_min_variance,combined,min_variance,2022-06-01,0.24144166309374557
combined_min_variance,combined,min_variance,2022-07-01,0.13135064441913408
combined_min_variance,combined,min_variance,2022-08-01,0.06785230253834493
combined_min_variance,combined,min_variance,2022-09-01,0.17045639392576029
combined_min_variance,combined,min_variance,2022-10-03,0.18666035248477164
combined_min_variance,combined,min_variance,2022-11-01,0.1496935047160419
combined_min_variance,combined,min_variance,2022-12-01,0.13213687796829615
combined_min_variance,combined,min_variance,2023-01-03,0.05885324044321038
combined_min_variance,combined,min_variance,2023-02-01,0.08350185141244597
combined_min_variance,combined,min_variance,2023-03-01,0.10643227501392168
combined_min_variance,combined,min_variance,2023-04-03,0.09519535223498735
combined_min_variance,combined,min_variance,2023-05-01,0.09935901323237714
combined_min_variance,combined,min_variance,2023-06-01,0.1521955928035251
combined_min_variance,combined,min_variance,2023-07-03,0.1411070278085631
combined_min_variance,combined,min_variance,2023-08-01,0.04531592325383464
combined_min_variance,combined,min_variance,2023-09-01,0.10652970049517586
combined_min_variance,combined,min_variance,2023-10-02,0.09463373200010183
combined_min_variance,combined,min_variance,2023-11-01,0.10295610220954382
combined_min_variance,combined,min_variance,2023-12-01,0.15067954992605734
crypto_equal_weight,crypto,equal_weight,2021-01-01,
crypto_equal_weight,crypto,equal_weight,2021-02-01,0.14434551287242162
crypto_equal_weight,crypto,equal_weight,2021-03-01,0.15533662429037423
crypto_equal_weight,crypto,equal_weight,2021-04-01,0.07270729548497028
crypto_equal_weight,crypto,equal_weight,2021-05-01,0.144162226528111
crypto_equal_weight,crypto,equal_weight,2021-06-01,0.16360572693964284
crypto_equal_weight,crypto,equal_weight,2021-07-01,0.04903731964210506
crypto_equal_weight,crypto,equal_weight,2021-08-01,0.03183434363540118
crypto_equal_weight,crypto,equal_weight,2021-09-01,0.07355296539279194
crypto_equal_weight,crypto,equal_weight,2021-10-01,0.04128786692208689
crypto_equal_weight,crypto,equal_weight,2021-11-01,0.04512425976376988
crypto_equal_weight,crypto,equal_weight,2021-12-01,0.03570105123091291
crypto_equal_weight,crypto,equal_weight,2022-01-01,0.02441094978075995
crypto_equal_weight,crypto,equal_weight,2022-02-01,0.02102647982226584
crypto_equal_weight,crypto,equal_weight,2022-03-01,0.04051822865186431
crypto_equal_weight,crypto,equal_weight,2022-04-01,0.040040753972747554
crypto_equal_weight,crypto,equal_weight,2022-05-01,0.04440722090590186
crypto_equal_weight,crypto,equal_weight,2022-06-01,0.07635119632023682
crypto_equal_weight,crypto,equal_weight,2022-07-01,0.062260904092131156
crypto_equal_weight,crypto,equal_weight,2022-08-01,0.10515057503004752
crypto_equal_weight,crypto,equal_weight,2022-09-01,0.021219935025505156
crypto_equal_weight,crypto,equal_weight,2022-10-01,0.057718278624622144
crypto_equal_weight,crypto,equal_weight,2022-11-01,0.030994651938395193
crypto_equal_weight,crypto,equal_weight,2022-12-01,0.06706297554845737
crypto_equal_weight,crypto,equal_weight,2023-01-01,0.03730462590512456
crypto_equal_weight,crypto,equal_weight,2023-02-01,0.034601917224557785
crypto_equal_weight,crypto,equal_weight,2023-03-01,0.023303392615625203
crypto_equal_weight,crypto,equal_weight,2023-04-01,0.0596507208568145
crypto_equal_weight,crypto,equal_weight,2023-05-01,0.031202949289222327
crypto_equal_weight,crypto,equal_weight,2023-06-01,0.030471567941276263
crypto_equal_weight,crypto,equal_weight,2023-07-01,0.125876656683004
crypto_equal_weight,crypto,equal_weight,2023-08-01,0.07575423527195266
crypto_equal_weight,crypto,equal_weight,2023-09-01,0.0387549438622886
crypto_equal_weight,crypto,equal_weight,2023-10-01,0.021186353438420992
crypto_equal_weight,crypto,equal_weight,2023-11-01,0.024196764756997544
crypto_equal_weight,crypto,equal_weight,2023-12-01,0.03213161530738908
crypto_max_sharpe,crypto,max_sharpe,2021-01-01,
crypto_max_sharpe,crypto,max_sharpe,2021-02-01,0.261532099586704
crypto_max_sharpe,crypto,max_sharpe,2021-03-01,0.32242661994359667
crypto_max_sharpe,crypto,max_sharpe,2021-04-01,0.14853272230423947
crypto_max_sharpe,crypto,max_sharpe,2021-05-01,0.2135086988462649
crypto_max_sharpe,crypto,max_sharpe,2021-06-01,0.11166884514070076
crypto_max_sharpe,crypto,max_sharpe,2021-07-01,0.0271600979560211
crypto_max_sharpe,crypto,max_sharpe,2021-08-01,0.05254042645562674
crypto_max_sharpe,crypto,max_sharpe,2021-09-01,0.1388895765273945
crypto_max_sharpe,crypto,max_sharpe,2021-10-01,0.03910396090535812
crypto_max_sharpe,crypto,max_sharpe,2021-11-01,0.06571051030827245
crypto_max_sharpe,crypto,max_sharpe,2021-12-01,0.1796591176557378
crypto_max_sharpe,crypto,max_sharpe,2022-01-01,0.22249358365727667
crypto_max_sharpe,crypto,max_sharpe,2022-02-01,0.09106391229167914
crypto_max_sharpe,crypto,max_sharpe,2022-03-01,0.18469971307772962
crypto_max_sharpe,crypto,max_sharpe,2022-04-01,0.2382145212973393
crypto_max_sharpe,crypto,max_sharpe,2022-05-01,0.23028058295255444
crypto_max_sharpe,crypto,max_sharpe,2022-06-01,0.28674205400609537
crypto_max_sharpe,crypto,max_sharpe,2022-07-01,0.2613746129869262
crypto_max_sharpe,crypto,max_sharpe,2022-08-01,0.2365032232171145
crypto_max_sharpe,crypto,max_sharpe,2022-09-01,0.20744162705934546
crypto_max_sharpe,crypto,max_sharpe,2022-10-01,0.4308943610016995
crypto_max_sharpe,crypto,max_sharpe,2022-11-01,0.23375179231396825
crypto_max_sharpe,crypto,max_sharpe,2022-12-01,0.09746955554597092
crypto_max_sharpe,crypto,max_sharpe,2023-01-01,0.03596422923781979
crypto_max_sharpe,crypto,max_sharpe,2023-02-01,0.034434068483978175
crypto_max_sharpe,crypto,max_sharpe,2023-03-01,0.20997413164829704
crypto_max_sharpe,crypto,max_sharpe,2023-04-01,0.2280065738332287
crypto_max_sharpe,crypto,max_sharpe,2023-05-01,0.2262959439934743
crypto_max_sharpe,crypto,max_sharpe,2023-06-01,0.21838881196482254
crypto_max_sharpe,crypto,max_sharpe,2023-07-01,0.4060745426277207
crypto_max_sharpe,crypto,max_sharpe,2023-08-01,0.23537510541334158
crypto_max_sharpe,crypto,max_sharpe,2023-09-01,0.05519975196729265
crypto_max_sharpe,crypto,max_sharpe,2023-10-01,0.20625117576273
crypto_max_sharpe,crypto,max_sharpe,2023-11-01,0.22346718702465315
crypto_max_sharpe,crypto,max_sharpe,2023-12-01,0.2226769749710591
crypto_min_cvar,crypto,min_cvar,2021-01-01,
crypto_min_cvar,crypto,min_cvar,2021-02-01,0.25369375731097654
crypto_min_cvar,crypto,min_cvar,2021-03-01,0.2146980139091753
crypto_min_cvar,crypto,min_cvar,2021-04-01,0.16726606497289204
crypto_min_cvar,crypto,min_cvar,2021-05-01,0.16696889466264964
crypto_min_cvar,crypto,min_cvar,2021-06-01,0.2849890458820049
crypto_min_cvar,crypto,min_cvar,2021-07-01,0.10229133736115788
crypto_min_cvar,crypto,min_cvar,2021-08-01,0.04795860112456563
crypto_min_cvar,crypto,min_cvar,2021-09-01,0.09155231104878606
crypto_min_cvar,crypto,min_cvar,2021-10-01,0.0955239189378993
crypto_min_cvar,crypto,min_cvar,2021-11-01,0.0722062815378209
crypto_min_cvar,crypto,min_cvar,2021-12-01,0.036786813285445495
crypto_min_cvar,crypto,min_cvar,2022-01-01,0.11014748323610862
crypto_min_cvar,crypto,min_cvar,2022-02-01,0.1570075351138025
crypto_min_cvar,crypto,min_cvar,2022-03-01,0.036413691184407404
crypto_min_cvar,crypto,min_cvar,2022-04-01,0.03845377679625282
crypto_min_cvar,crypto,min_cvar,2022-05-01,0.11951569755785094
crypto_min_cvar,crypto,min_cvar,2022-06-01,0.28673071995433663
crypto_min_cvar,crypto,min_cvar,2022-07-01,0.3024059802605319
crypto_min_cvar,crypto,min_cvar,2022-08-01,0.060577418240500794
crypto_min_cvar,crypto,min_cvar,2022-09-01,0.08392078028500127
crypto_min_cvar,crypto,min_cvar,2022-10-01,0.07891520332154786
crypto_min_cvar,crypto,min_cvar,2022-11-01,0.028820307387771193
crypto_min_cvar,crypto,min_cvar,2022-12-01,0.015277214407919425
crypto_min_cvar,crypto,min_cvar,2023-01-01,0.19282605900186336
crypto_min_cvar,crypto,min_cvar,2023-02-01,0.04882119956433181
crypto_min_cvar,crypto,min_cvar,2023-03-01,0.08837456728596982
crypto_min_cvar,crypto,min_cvar,2023-04-01,0.07418003655498567
crypto_min_cvar,crypto,min_cvar,2023-05-01,0.03853837050572283
crypto_min_cvar,crypto,min_cvar,2023-06-01,0.15638561263971312
crypto_min_cvar,crypto,min_cvar,2023-07-01,0.13224043855397055
crypto_min_cvar,crypto,min_cvar,2023-08-01,0.2517758661215417
crypto_min_cvar,crypto,min_cvar,2023-09-01,0.35090797887423475
crypto_min_cvar,crypto,min_cvar,2023-10-01,0.04584086551676807
crypto_min_cvar,crypto,min_cvar,2023-11-01,0.030832483872157822
crypto_min_cvar,crypto,min_cvar,2023-12-01,0.12561133126580065
crypto_min_variance,crypto,min_variance,2021-01-01,
crypto_min_variance,crypto,min_variance,2021-02-01,0.3251118427348102
crypto_min_variance,crypto,min_variance,2021-03-01,0.19685904553929567
crypto_min_variance,crypto,min_variance,2021-04-01,0.17832043949255152
crypto_min_variance,crypto,min_variance,2021-05-01,0.20813470362518216
crypto_min_variance,crypto,min_variance,2021-06-01,0.29057596320890383
crypto_min_variance,crypto,min_variance,2021-07-01,0.05010308627227139
crypto_min_variance,crypto,min_variance,2021-08-01,0.05047638733766936
crypto_min_variance,crypto,min_variance,2021-09-01,0.09442046691981011
crypto_min_variance,crypto,min_variance,2021-10-01,0.0475062424587232
crypto_min_variance,crypto,min_variance,2021-11-01,0.06406424337205102
crypto_min_variance,crypto,min_variance,2021-12-01,0.0691816105391621
crypto_min_variance,crypto,min_variance,2022-01-01,0.04116739320379151
crypto_min_variance,crypto,min_variance,2022-02-01,0.18770702458265043
crypto_min_variance,crypto,min_variance,2022-03-01,0.08256919749257521
crypto_min_variance,crypto,min_variance,2022-04-01,0.06339191062801604
crypto_min_variance,crypto,min_variance,2022-05-01,0.09067194852542224
crypto_min_variance,crypto,min_variance,2022-06-01,0.2714462731432527
crypto_min_variance,crypto,min_variance,2022-07-01,0.11142069828797281
crypto_min_variance,crypto,min_variance,2022-08-01,0.08308649395078913
crypto_min_variance,crypto,min_variance,2022-09-01,0.16798028991501393
crypto_min_variance,crypto,min_variance,2022-10-01,0.09140998105363043
crypto_min_variance,crypto,min_variance,2022-11-01,0.053387231255839836
crypto_min_variance,crypto,min_variance,2022-12-01,0.11357963534622911
crypto_min_variance,crypto,min_variance,2023-01-01,0.07042043880805893
crypto_min_variance,crypto,min_variance,2023-02-01,0.045567123710009566
crypto_min_variance,crypto,min_variance,2023-03-01,0.08260048088761121
crypto_min_variance,crypto,min_variance,2023-04-01,0.12747237755418822
crypto_min_variance,crypto,min_variance,2023-05-01,0.05456259280126607
crypto_min_variance,crypto,min_variance,2023-06-01,0.12085194089628681
crypto_min_variance,crypto,min_variance,2023-07-01,0.2725278877757695
crypto_min_variance,crypto,min_variance,2023-08-01,0.3757133756638358
crypto_min_variance,crypto,min_variance,2023-09-01,0.11720821480183499
crypto_min_variance,crypto,min_variance,2023-10-01,0.1277608712032794
crypto_min_variance,crypto,min_variance,2023-11-01,0.06413198663106036
crypto_min_variance,crypto,min_variance,2023-12-01,0.10774461770650505
equity_equal_weight,equity,equal_weight,2021-01-04,
equity_equal_weight,equity,equal_weight,2021-02-01,0.025333838004933648
equity_equal_weight,equity,equal_weight,2021-03-01,0.048080909566088764
equity_equal_weight,equity,equal_weight,2021-04-01,0.02334629231451527
equity_equal_weight,equity,equal_weight,2021-05-03,0.021274224268830265
equity_equal_weight,equity,equal_weight,2021-06-01,0.02092425387593157
equity_equal_weight,equity,equal_weight,2021-07-01,0.02667405773322292
equity_equal_weight,equity,equal_weight,2021-08-02,0.022290182207067667
equity_equal_weight,equity,equal_weight,2021-09-01,0.018564143772417666
equity_equal_weight,equity,equal_weight,2021-10-01,0.024861097677564545
equity_equal_weight,equity,equal_weight,2021-11-01,0.030892860165321348
equity_equal_weight,equity,equal_weight,2021-12-01,0.03273590616817381
equity_equal_weight,equity,equal_weight,2022-01-03,0.02248303226210189
equity_equal_weight,equity,equal_weight,2022-02-01,0.040883125538087
equity_equal_weight,equity,equal_weight,2022-03-01,0.028415889189891498
equity_equal_weight,equity,equal_weight,2022-04-01,0.033484632764041726
equity_equal_weight,equity,equal_weight,2022-05-02,0.03601126689734692
equity_equal_weight,equity,equal_weight,2022-06-01,0.029982873992492786
equity_equal_weight,equity,equal_weight,2022-07-01,0.035731082777456694
equity_equal_weight,equity,equal_weight,2022-08-01,0.02794730272923226
equity_equal_weight,equity,equal_weight,2022-09-01,0.021912206328306094
equity_equal_weight,equity,equal_weight,2022-10-03,0.02885178076375974
equity_equal_weight,equity,equal_weight,2022-11-01,0.035976418248330554
equity_equal_weight,equity,equal_weight,2022-12-01,0.028513568246996975
equity_equal_weight,equity,equal_weight,2023-01-03,0.022242937945455458
equity_equal_weight,equity,equal_weight,2023-02-01,0.03226719250383653
equity_equal_weight,equity,equal_weight,2023-03-01,0.02025530215394363
equity_equal_weight,equity,equal_weight,2023-04-03,0.028673054808548763
equity_equal_weight,equity,equal_weight,2023-05-01,0.019335278615591082
equity_equal_weight,equity,equal_weight,2023-06-01,0.031073954582808167
equity_equal_weight,equity,equal_weight,2023-07-03,0.019012056781482843
equity_equal_weight,equity,equal_weight,2023-08-01,0.02208908893646035
equity_equal_weight,equity,equal_weight,2023-09-01,0.021630116488075425
equity_equal_weight,equity,equal_weight,2023-10-02,0.019764388141731093
equity_equal_weight,equity,equal_weight,2023-11-01,0.022386155925351224
equity_equal_weight,equity,equal_weight,2023-12-01,0.029474394557912058
equity_max_sharpe,equity,max_sharpe,2021-01-04,
equity_max_sharpe,equity,max_sharpe,2021-02-01,0.2014263896287988
equity_max_sharpe,equity,max_sharpe,2021-03-01,0.49385748485130315
equity_max_sharpe,equity,max_sharpe,2021-04-01,0.5655101813404189
equity_max_sharpe,equity,max_sharpe,2021-05-03,0.5997728308011455
equity_max_sharpe,equity,max_sharpe,2021-06-01,0.19863352653010327
equity_max_sharpe,equity,max_sharpe,2021-07-01,0.45036907607902354
equity_max_sharpe,equity,max_sharpe,2021-08-02,0.225542652647356
equity_max_sharpe,equity,max_sharpe,2021-09-01,0.200189213092236
equity_max_sharpe,equity,max_sharpe,2021-10-01,0.35231532046639064
equity_max_sharpe,equity,max_sharpe,2021-11-01,0.4298450726549879
equity_max_sharpe,equity,max_sharpe,2021-12-01,0.2558164222338344
equity_max_sharpe,equity,max_sharpe,2022-01-03,0.24614923229980035
equity_max_sharpe,equity,max_sharpe,2022-02-01,0.3192712008461146
equity_max_sharpe,equity,max_sharpe,2022-03-01,0.22094267815499896
equity_max_sharpe,equity,max_sharpe,2022-04-01,0.23833201095655396
equity_max_sharpe,equity,max_sharpe,2022-05-02,0.32415177042080984
equity_max_sharpe,equity,max_sharpe,2022-06-01,0.54719100776359
equity_max_sharpe,equity,max_sharpe,2022-07-01,0.2682200934161809
equity_max_sharpe,equity,max_sharpe,2022-08-01,0.14291208997447044
equity_max_sharpe,equity,max_sharpe,2022-09-01,0.24296879262226478
equity_max_sharpe,equity,max_sharpe,2022-10-03,0.20982783009453615
equity_max_sharpe,equity,max_sharpe,2022-11-01,0.378183199604765
equity_max_sharpe,equity,max_sharpe,2022-12-01,0.19898230120565072
equity_max_sharpe,equity,max_sharpe,2023-01-03,0.13649074519207627
equity_max_sharpe,equity,max_sharpe,2023-02-01,0.4175273810878322
equity_max_sharpe,equity,max_sharpe,2023-03-01,0.2716919992548744
equity_max_sharpe,equity,max_sharpe,2023-04-03,0.29376638102671115
equity_max_sharpe,equity,max_sharpe,2023-05-01,0.15153965921025234
equity_max_sharpe,equity,max_sharpe,2023-06-01,0.41897148764304426
equity_max_sharpe,equity,max_sharpe,2023-07-03,0.11729762671707554
equity_max_sharpe,equity,max_sharpe,2023-08-01,0.08986294498506069
equity_max_sharpe,equity,max_sharpe,2023-09-01,0.14396437729794392
equity_max_sharpe,equity,max_sharpe,2023-10-02,0.20886530323662297
equity_max_sharpe,equity,max_sharpe,2023-11-01,0.2792496887890882
equity_max_sharpe,equity,max_sharpe,2023-12-01,0.5251064170706241
equity_min_cvar,equity,min_cvar,2021-01-04,
equity_min_cvar,equity,min_cvar,2021-02-01,0.13230670049951646
equity_min_cvar,equity,min_cvar,2021-03-01,0.070711680698459
equity_min_cvar,equity,min_cvar,2021-04-01,0.5489734923538137
equity_min_cvar,equity,min_cvar,2021-05-03,0.22892490797227388
equity_min_cvar,equity,min_cvar,2021-06-01,0.21988444774208138
equity_min_cvar,equity,min_cvar,2021-07-01,0.32270474610940736
equity_min_cvar,equity,min_cvar,2021-08-02,0.08280439655872214
equity_min_cvar,equity,min_cvar,2021-09-01,0.012756107490124983
equity_min_cvar,equity,min_cvar,2021-10-01,0.33235214381623607
equity_min_cvar,equity,min_cvar,2021-11-01,0.31695436559073353
equity_min_cvar,equity,min_cvar,2021-12-01,0.3473513208465698
equity_min_cvar,equity,min_cvar,2022-01-03,0.12735020649950396
equity_min_cvar,equity,min_cvar,2022-02-01,0.32090766960203054
equity_min_cvar,equity,min_cvar,2022-03-01,0.555204366626964
equity_min_cvar,equity,min_cvar,2022-04-01,0.4681392328762124
equity_min_cvar,equity,min_cvar,2022-05-02,0.3809461318544008
equity_min_cvar,equity,min_cvar,2022-06-01,0.29285239380254735
equity_min_cvar,equity,min_cvar,2022-07-01,0.43226838497230585
equity_min_cvar,equity,min_cvar,2022-08-01,0.05627598690037562
equity_min_cvar,equity,min_cvar,2022-09-01,0.16190622330207252
equity_min_cvar,equity,min_cvar,2022-10-03,0.4161504149176922
equity_min_cvar,equity,min_cvar,2022-11-01,0.13653995246495285
equity_min_cvar,equity,min_cvar,2022-12-01,0.2907848222528695
equity_min_cvar,equity,min_cvar,2023-01-03,0.2202035808674571
equity_min_cvar,equity,min_cvar,2023-02-01,0.17300102142173393
equity_min_cvar,equity,min_cvar,2023-03-01,0.25306187537655134
equity_min_cvar,equity,min_cvar,2023-04-03,0.15731762457188272
equity_min_cvar,equity,min_cvar,2023-05-01,0.22495236267678678
equity_min_cvar,equity,min_cvar,2023-06-01,0.4328899636455638
equity_min_cvar,equity,min_cvar,2023-07-03,0.25146581341534335
equity_min_cvar,equity,min_cvar,2023-08-01,0.14104172563189407
equity_min_cvar,equity,min_cvar,2023-09-01,0.39689600209298803
equity_min_cvar,equity,min_cvar,2023-10-02,0.39993215950439565
equity_min_cvar,equity,min_cvar,2023-11-01,0.3702702516649917
equity_min_cvar,equity,min_cvar,2023-12-01,0.21766711465342453
equity_min_variance,equity,min_variance,2021-01-04,
equity_min_variance,equity,min_variance,2021-02-01,0.05527449860200166
equity_min_variance,equity,min_variance,2021-03-01,0.09364656907321481
equity_min_variance,equity,min_variance,2021-04-01,0.2985399686952344
equity_min_variance,equity,min_variance,2021-05-03,0.19806639580454738
equity_min_variance,equity,min_variance,2021-06-01,0.1115579524697796
equity_min_variance,equity,min_variance,2021-07-01,0.19977960061630673
equity_min_variance,equity,min_variance,2021-08-02,0.07783296763323866
equity_min_variance,equity,min_variance,2021-09-01,0.05538140273800378
equity_min_variance,equity,min_variance,2021-10-01,0.18021095825047206
equity_min_variance,equity,min_variance,2021-11-01,0.20753373938562952
equity_min_variance,equity,min_variance,2021-12-01,0.1931430378645057
equity_min_variance,equity,min_variance,2022-01-03,0.12994316778553655
equity_min_variance,equity,min_variance,2022-02-01,0.2879313060826708
equity_min_variance,equity,min_variance,2022-03-01,0.2779871465804159
equity_min_variance,equity,min_variance,2022-04-01,0.1386118406873529
equity_min_variance,equity,min_variance,2022-05-02,0.22770380319499267
equity_min_variance,equity,min_variance,2022-06-01,0.23806673156939231
equity_min_variance,equity,min_variance,2022-07-01,0.13430931998736473
equity_min_variance,equity,min_variance,2022-08-01,0.06809943823953496
equity_min_variance,equity,min_variance,2022-09-01,0.17057280292499852
equity_min_variance,equity,min_variance,2022-10-03,0.18652239923595365
equity_min_variance,equity,min_variance,2022-11-01,0.1521604461984714
equity_min_variance,equity,min_variance,2022-12-01,0.12850146521042738
equity_min_variance,equity,min_variance,2023-01-03,0.05610322996667272
equity_min_variance,equity,min_variance,2023-02-01,0.08138492194457873
equity_min_variance,equity,min_variance,2023-03-01,0.10062277613758114
equity_min_variance,equity,min_variance,2023-04-03,0.09540485441355237
equity_min_variance,equity,min_variance,2023-05-01,0.09922261487057556
equity_min_variance,equity,min_variance,2023-06-01,0.15262822954309685
equity_min_variance,equity,min_variance,2023-07-03,0.1256579666713139
equity_min_variance,equity,min_variance,2023-08-01,0.05124525079216547
equity_min_variance,equity,min_variance,2023-09-01,0.10261529325010876
equity_min_variance,equity,min_variance,2023-10-02,0.08334130182240347
equity_min_variance,equity,min_variance,2023-11-01,0.10226406416632751
equity_min_variance,equity,min_variance,2023-12-01,0.1396367443719143
