date,strategy,turnover
2021-01-04,Base Min-Variance,
2021-02-01,Base Min-Variance,0.055274498602001704
2021-03-01,Base Min-Variance,0.09364656907321481
2021-04-01,Base Min-Variance,0.2985399686952347
2021-05-03,Base Min-Variance,0.1980663958045474
2021-06-01,Base Min-Variance,0.11155795246977986
2021-07-01,Base Min-Variance,0.19977960061630676
2021-08-02,Base Min-Variance,0.07783296763323858
2021-09-01,Base Min-Variance,0.05538140273800377
2021-10-01,Base Min-Variance,0.18021095825047181
2021-11-01,Base Min-Variance,0.20753373938562947
2021-12-01,Base Min-Variance,0.19314303786450576
2022-01-03,Base Min-Variance,0.1299431677855366
2022-02-01,Base Min-Variance,0.287931306082671
2022-03-01,Base Min-Variance,0.2779871465804162
2022-04-01,Base Min-Variance,0.13861184068735272
2022-05-02,Base Min-Variance,0.22770380319499278
2022-06-01,Base Min-Variance,0.23806673156939256
2022-07-01,Base Min-Variance,0.1343093199873645
2022-08-01,Base Min-Variance,0.06809943823953497
2022-09-01,Base Min-Variance,0.17057280292499852
2022-10-03,Base Min-Variance,0.1865223992359537
2022-11-01,Base Min-Variance,0.1521604461984711
2022-12-01,Base Min-Variance,0.12850146521042738
2023-01-03,Base Min-Variance,0.056103229966672725
2023-02-01,Base Min-Variance,0.08138492194457866
2023-03-01,Base Min-Variance,0.10062277613758136
2023-04-03,Base Min-Variance,0.09540485441355229
2023-05-01,Base Min-Variance,0.09922261487057553
2023-06-01,Base Min-Variance,0.15262822954309688
2023-07-03,Base Min-Variance,0.125657966671314
2023-08-01,Base Min-Variance,0.05124525079216553
2023-09-01,Base Min-Variance,0.10261529325010871
2023-10-02,Base Min-Variance,0.08334130182240333
2023-11-01,Base Min-Variance,0.10226406416632737
2023-12-01,Base Min-Variance,0.13963674437191423
2021-01-04,Final Tail-Risk-Aware Sector-Neutral Tuned,
2021-02-01,Final Tail-Risk-Aware Sector-Neutral Tuned,0.1942746044000243
2021-03-01,Final Tail-Risk-Aware Sector-Neutral Tuned,0.25258628688914886
2021-04-01,Final Tail-Risk-Aware Sector-Neutral Tuned,0.38320146679181083
2021-05-03,Final Tail-Risk-Aware Sector-Neutral Tuned,0.232847920175147
2021-06-01,Final Tail-Risk-Aware Sector-Neutral Tuned,0.2632669987457365
2021-07-01,Final Tail-Risk-Aware Sector-Neutral Tuned,0.325172019104269
2021-08-02,Final Tail-Risk-Aware Sector-Neutral Tuned,0.13988386148486778
2021-09-01,Final Tail-Risk-Aware Sector-Neutral Tuned,0.17671046338848737
2021-10-01,Final Tail-Risk-Aware Sector-Neutral Tuned,0.5091371881581406
2021-11-01,Final Tail-Risk-Aware Sector-Neutral Tuned,0.5430507254029581
2021-12-01,Final Tail-Risk-Aware Sector-Neutral Tuned,0.33866158849632605
2022-01-03,Final Tail-Risk-Aware Sector-Neutral Tuned,0.2296182780175482
2022-02-01,Final Tail-Risk-Aware Sector-Neutral Tuned,0.4567583706656902
2022-03-01,Final Tail-Risk-Aware Sector-Neutral Tuned,0.5581998033327936
2022-04-01,Final Tail-Risk-Aware Sector-Neutral Tuned,0.5699334977614251
2022-05-02,Final Tail-Risk-Aware Sector-Neutral Tuned,0.24988670464015938
2022-06-01,Final Tail-Risk-Aware Sector-Neutral Tuned,0.4046525919961912
2022-07-01,Final Tail-Risk-Aware Sector-Neutral Tuned,0.5086850939576978
2022-08-01,Final Tail-Risk-Aware Sector-Neutral Tuned,0.43154022900157185
2022-09-01,Final Tail-Risk-Aware Sector-Neutral Tuned,0.4143478903236155
2022-10-03,Final Tail-Risk-Aware Sector-Neutral Tuned,0.3326804540539917
2022-11-01,Final Tail-Risk-Aware Sector-Neutral Tuned,0.4001941706688668
2022-12-01,Final Tail-Risk-Aware Sector-Neutral Tuned,0.31624021269658775
2023-01-03,Final Tail-Risk-Aware Sector-Neutral Tuned,0.22512370515431013
2023-02-01,Final Tail-Risk-Aware Sector-Neutral Tuned,0.23383945088363167
2023-03-01,Final Tail-Risk-Aware Sector-Neutral Tuned,0.2994504954966502
2023-04-03,Final Tail-Risk-Aware Sector-Neutral Tuned,0.3420069581175526
2023-05-01,Final Tail-Risk-Aware Sector-Neutral Tuned,0.2615695680072879
2023-06-01,Final Tail-Risk-Aware Sector-Neutral Tuned,0.474933798455488
2023-07-03,Final Tail-Risk-Aware Sector-Neutral Tuned,0.32219561659593327
2023-08-01,Final Tail-Risk-Aware Sector-Neutral Tuned,0.30906865292022145
2023-09-01,Final Tail-Risk-Aware Sector-Neutral Tuned,0.44706262755839316
2023-10-02,Final Tail-Risk-Aware Sector-Neutral Tuned,0.7173866305467502
2023-11-01,Final Tail-Risk-Aware Sector-Neutral Tuned,0.25628687911952197
2023-12-01,Final Tail-Risk-Aware Sector-Neutral Tuned,0.3088456586972556
2021-01-04,Naive Contrarian,
2021-02-01,Naive Contrarian,0.27007650761729324
2021-03-01,Naive Contrarian,0.24511957515026206
2021-04-01,Naive Contrarian,0.4123946837261131
2021-05-03,Naive Contrarian,0.3583205306439376
2021-06-01,Naive Contrarian,0.389205190031581
2021-07-01,Naive Contrarian,0.34869203550007294
2021-08-02,Naive Contrarian,0.2468664155021972
2021-09-01,Naive Contrarian,0.17380701336324483
2021-10-01,Naive Contrarian,0.4643131592557321
2021-11-01,Naive Contrarian,0.49624422081119207
2021-12-01,Naive Contrarian,0.297172729615129
2022-01-03,Naive Contrarian,0.20118909449742503
2022-02-01,Naive Contrarian,0.43997046568577647
2022-03-01,Naive Contrarian,0.530739685873094
2022-04-01,Naive Contrarian,0.5094218627064688
2022-05-02,Naive Contrarian,0.39265080529632557
2022-06-01,Naive Contrarian,0.42025857850179194
2022-07-01,Naive Contrarian,0.48975293761614164
2022-08-01,Naive Contrarian,0.3734220791560636
2022-09-01,Naive Contrarian,0.41545934226521297
2022-10-03,Naive Contrarian,0.34608893437994126
2022-11-01,Naive Contrarian,0.36913062174775957
2022-12-01,Naive Contrarian,0.34241278035644435
2023-01-03,Naive Contrarian,0.27515685765416237
2023-02-01,Naive Contrarian,0.2364811836924631
2023-03-01,Naive Contrarian,0.3168302872642058
2023-04-03,Naive Contrarian,0.3513584399518138
2023-05-01,Naive Contrarian,0.2721410132912508
2023-06-01,Naive Contrarian,0.43732641179305326
2023-07-03,Naive Contrarian,0.30065612727848384
2023-08-01,Naive Contrarian,0.2666023807190858
2023-09-01,Naive Contrarian,0.47564365179329227
2023-10-02,Naive Contrarian,0.6187177219584777
2023-11-01,Naive Contrarian,0.2570439117383139
2023-12-01,Naive Contrarian,0.3477078603416185
