date,strategy,return
2023-01-03,Base Min-Variance,0.0004410127176900775
2023-01-04,Base Min-Variance,0.008774952959001053
2023-01-05,Base Min-Variance,0.0015073404261656087
2023-01-06,Base Min-Variance,0.015201859317797094
2023-01-09,Base Min-Variance,-0.016470456490020106
2023-01-10,Base Min-Variance,0.0021595576508128375
2023-01-11,Base Min-Variance,0.0026736976449378146
2023-01-12,Base Min-Variance,-0.0027359438840224405
2023-01-13,Base Min-Variance,0.002387228414221573
2023-01-17,Base Min-Variance,-0.006647209589430586
2023-01-18,Base Min-Variance,-0.017321909119041953
2023-01-19,Base Min-Variance,-0.0017170579834632107
2023-01-20,Base Min-Variance,0.008824284190004788
2023-01-23,Base Min-Variance,0.002649455535015022
2023-01-24,Base Min-Variance,-0.002417016214714906
2023-01-25,Base Min-Variance,-0.0015138156859288356
2023-01-26,Base Min-Variance,0.00022059956842631782
2023-01-27,Base Min-Variance,-0.005807184158800238
2023-01-30,Base Min-Variance,-0.003915444216456519
2023-01-31,Base Min-Variance,0.007437601525478721
2023-02-01,Base Min-Variance,-0.01886942479295161
2023-02-02,Base Min-Variance,-0.011544241863469532
2023-02-03,Base Min-Variance,-0.009416283634795962
2023-02-06,Base Min-Variance,-0.001561459202358107
2023-02-07,Base Min-Variance,0.007996333995979139
2023-02-08,Base Min-Variance,-0.007441180376151988
2023-02-09,Base Min-Variance,-0.001290714249700661
2023-02-10,Base Min-Variance,0.012148789214088377
2023-02-13,Base Min-Variance,0.008012670178112465
2023-02-14,Base Min-Variance,-0.0069663210159526135
2023-02-15,Base Min-Variance,-0.00039083934941019325
2023-02-16,Base Min-Variance,-0.012952413734386147
2023-02-17,Base Min-Variance,0.013574110681748755
2023-02-21,Base Min-Variance,-0.004636746693761399
2023-02-22,Base Min-Variance,-0.004540384146178614
2023-02-23,Base Min-Variance,0.0026782781068560337
2023-02-24,Base Min-Variance,-0.0068809388506369555
2023-02-27,Base Min-Variance,0.00014481544637413773
2023-02-28,Base Min-Variance,-0.010362245227100945
2023-03-01,Base Min-Variance,0.00030100498865105285
2023-03-02,Base Min-Variance,0.005820691339743874
2023-03-03,Base Min-Variance,0.0038908792773936695
2023-03-06,Base Min-Variance,0.009323279138875575
2023-03-07,Base Min-Variance,-0.010730891049097647
2023-03-08,Base Min-Variance,-0.0068353061347535635
2023-03-09,Base Min-Variance,-0.011563321109050494
2023-03-10,Base Min-Variance,-0.0031232630429789054
2023-03-13,Base Min-Variance,0.00590513934007257
2023-03-14,Base Min-Variance,0.006991599531113126
2023-03-15,Base Min-Variance,0.0043094769447885786
2023-03-16,Base Min-Variance,0.0015795361418501049
2023-03-17,Base Min-Variance,-0.013320540413759187
2023-03-20,Base Min-Variance,0.013262142604325636
2023-03-21,Base Min-Variance,-0.0013397595544512246
2023-03-22,Base Min-Variance,-0.014718455574242093
2023-03-23,Base Min-Variance,0.005739173711150505
2023-03-24,Base Min-Variance,0.01616295621257588
2023-03-27,Base Min-Variance,0.005297686155032046
2023-03-28,Base Min-Variance,-0.0011270075649434238
2023-03-29,Base Min-Variance,0.0065348569697836366
2023-03-30,Base Min-Variance,0.0045620038278035135
2023-03-31,Base Min-Variance,0.006886732311771715
2023-04-03,Base Min-Variance,0.010844624727657307
2023-04-04,Base Min-Variance,0.005516479994875877
2023-04-05,Base Min-Variance,0.015367708808241504
2023-04-06,Base Min-Variance,0.0002111772306787265
2023-04-10,Base Min-Variance,-0.0014402068334635376
2023-04-11,Base Min-Variance,-0.0004959217249270058
2023-04-12,Base Min-Variance,0.001047373830316797
2023-04-13,Base Min-Variance,0.009389831860732847
2023-04-14,Base Min-Variance,-0.0042136022120193226
2023-04-17,Base Min-Variance,0.00011190830433879576
2023-04-18,Base Min-Variance,-0.0018249963708574044
2023-04-19,Base Min-Variance,-0.0007858833744909133
2023-04-20,Base Min-Variance,-0.005130663478276803
2023-04-21,Base Min-Variance,0.005489682289535339
2023-04-24,Base Min-Variance,0.001975869814570269
2023-04-25,Base Min-Variance,-0.00021340412404785932
2023-04-26,Base Min-Variance,-0.019651020360405436
2023-04-27,Base Min-Variance,0.0050932821296204136
2023-04-28,Base Min-Variance,0.003571281301151859
2023-05-01,Base Min-Variance,0.0012108376508718002
2023-05-02,Base Min-Variance,-0.007298864534592144
2023-05-03,Base Min-Variance,-0.009095715895869067
2023-05-04,Base Min-Variance,0.0005076345305740936
2023-05-05,Base Min-Variance,0.01091596645667462
2023-05-08,Base Min-Variance,-0.00023646773615500043
2023-05-09,Base Min-Variance,-0.004618965695153648
2023-05-10,Base Min-Variance,-0.00046926817574130324
2023-05-11,Base Min-Variance,-0.001627009298706249
2023-05-12,Base Min-Variance,0.0013445144992130485
2023-05-15,Base Min-Variance,-0.002948645664214788
2023-05-16,Base Min-Variance,-0.014860495974752641
2023-05-17,Base Min-Variance,-0.001475276738940096
2023-05-18,Base Min-Variance,0.0010648158660630342
2023-05-19,Base Min-Variance,0.00023370086896829737
2023-05-22,Base Min-Variance,-0.005884592306622606
2023-05-23,Base Min-Variance,-0.003417554258851391
2023-05-24,Base Min-Variance,-0.006533656711613747
2023-05-25,Base Min-Variance,-0.012464081473190227
2023-05-26,Base Min-Variance,-0.0008619455437883797
2023-05-30,Base Min-Variance,-0.0036774860913953676
2023-05-31,Base Min-Variance,0.006837789954854182
2023-06-01,Base Min-Variance,-0.0020636290011970867
2023-06-02,Base Min-Variance,0.011833368482638997
2023-06-05,Base Min-Variance,0.002116742461567618
2023-06-06,Base Min-Variance,-0.006416368868531628
2023-06-07,Base Min-Variance,0.0010766637367409769
2023-06-08,Base Min-Variance,0.006300027988825405
2023-06-09,Base Min-Variance,-1.1882394871292517e-05
2023-06-12,Base Min-Variance,-0.00232996783348708
2023-06-13,Base Min-Variance,0.006521178273413488
2023-06-14,Base Min-Variance,0.0015662874697333245
2023-06-15,Base Min-Variance,0.008979622013257957
2023-06-16,Base Min-Variance,0.0002954852378386666
2023-06-20,Base Min-Variance,-0.00788856968559632
2023-06-21,Base Min-Variance,-0.001846855424245853
2023-06-22,Base Min-Variance,0.007975066057573444
2023-06-23,Base Min-Variance,-0.004835006041808871
2023-06-26,Base Min-Variance,0.0006500439100222642
2023-06-27,Base Min-Variance,0.0029457810179327024
2023-06-28,Base Min-Variance,-0.0033673580523902514
2023-06-29,Base Min-Variance,-0.00022861706772994413
2023-06-30,Base Min-Variance,0.006839993701864255
2023-07-03,Base Min-Variance,0.0035176908866559743
2023-07-05,Base Min-Variance,0.001901353776219533
2023-07-06,Base Min-Variance,-0.008190815251024613
2023-07-07,Base Min-Variance,-0.01383626699888303
2023-07-10,Base Min-Variance,0.0009658825257632413
2023-07-11,Base Min-Variance,0.009476607537860166
2023-07-12,Base Min-Variance,-0.0029544258301641515
2023-07-13,Base Min-Variance,0.0014646459738673037
2023-07-14,Base Min-Variance,0.0030874212797518848
2023-07-17,Base Min-Variance,-0.004974011381840347
2023-07-18,Base Min-Variance,0.001001098915007799
2023-07-19,Base Min-Variance,0.0071819617385442585
2023-07-20,Base Min-Variance,0.015609905133145446
2023-07-21,Base Min-Variance,0.006091250175131412
2023-07-24,Base Min-Variance,0.0012714306253980491
2023-07-25,Base Min-Variance,-0.0026245409587388833
2023-07-26,Base Min-Variance,0.0030887809886583216
2023-07-27,Base Min-Variance,-0.006898080478941167
2023-07-28,Base Min-Variance,0.002577229428356281
2023-07-31,Base Min-Variance,-0.0040632748797199076
2023-08-01,Base Min-Variance,-0.005428850972339584
2023-08-02,Base Min-Variance,-0.008774441384653187
2023-08-03,Base Min-Variance,-0.006950620352472643
2023-08-04,Base Min-Variance,-0.005437962500445172
2023-08-07,Base Min-Variance,0.012056065636399283
2023-08-08,Base Min-Variance,-0.003796253725794859
2023-08-09,Base Min-Variance,0.0022426993027537443
2023-08-10,Base Min-Variance,-0.002062432173860126
2023-08-11,Base Min-Variance,0.006184238483162923
2023-08-14,Base Min-Variance,-0.00044104107978530584
2023-08-15,Base Min-Variance,-0.006265016707610517
2023-08-16,Base Min-Variance,-0.0026889711921976355
2023-08-17,Base Min-Variance,-0.005725687377815987
2023-08-18,Base Min-Variance,0.003711533212868012
2023-08-21,Base Min-Variance,-0.0029535756879231698
2023-08-22,Base Min-Variance,-0.006025860946399461
2023-08-23,Base Min-Variance,0.01104785799657884
2023-08-24,Base Min-Variance,-0.009585422533768675
2023-08-25,Base Min-Variance,0.0025840640627654977
2023-08-28,Base Min-Variance,0.002854713101525454
2023-08-29,Base Min-Variance,0.005495120946416249
2023-08-30,Base Min-Variance,0.0018674140229154022
2023-08-31,Base Min-Variance,-0.005022084609726181
2023-09-01,Base Min-Variance,0.0006444403557556121
2023-09-05,Base Min-Variance,-0.009617509150626372
2023-09-06,Base Min-Variance,-0.0025773636631912502
2023-09-07,Base Min-Variance,0.006620957954234989
2023-09-08,Base Min-Variance,0.0038724501985150945
2023-09-11,Base Min-Variance,0.003163521713313766
2023-09-12,Base Min-Variance,-0.0012807911811238888
2023-09-13,Base Min-Variance,0.00016622552449866058
2023-09-14,Base Min-Variance,0.008490436451758608
2023-09-15,Base Min-Variance,-0.008894199030701978
2023-09-18,Base Min-Variance,0.0007052828152438476
2023-09-19,Base Min-Variance,0.00033013935208486925
2023-09-20,Base Min-Variance,0.001427604793162353
2023-09-21,Base Min-Variance,-0.014006541161071022
2023-09-22,Base Min-Variance,-0.0017569698012998493
2023-09-25,Base Min-Variance,-0.0010876675257057867
2023-09-26,Base Min-Variance,-0.006280577946048688
2023-09-27,Base Min-Variance,-0.006273698820689483
2023-09-28,Base Min-Variance,0.002432673166635889
2023-09-29,Base Min-Variance,-0.005223820924408243
2023-10-02,Base Min-Variance,-0.006756520740363341
2023-10-03,Base Min-Variance,-0.00783071451387736
2023-10-04,Base Min-Variance,0.006149869172286902
2023-10-05,Base Min-Variance,-0.008571394536177555
2023-10-06,Base Min-Variance,0.0037078392220057147
2023-10-09,Base Min-Variance,0.004925306281471856
2023-10-10,Base Min-Variance,0.008718704678811076
2023-10-11,Base Min-Variance,0.0027877640720940632
2023-10-12,Base Min-Variance,-0.0034052856996366083
2023-10-13,Base Min-Variance,0.0029099131150556743
2023-10-16,Base Min-Variance,0.005696297776558197
2023-10-17,Base Min-Variance,0.004339699867958861
2023-10-18,Base Min-Variance,-0.007630264344814195
2023-10-19,Base Min-Variance,-0.006329975457953029
2023-10-20,Base Min-Variance,-0.00012625021668052688
2023-10-23,Base Min-Variance,-0.0037808291311012122
2023-10-24,Base Min-Variance,0.013701890998062946
2023-10-25,Base Min-Variance,-0.0021257941828361675
2023-10-26,Base Min-Variance,-0.0019214791396517474
2023-10-27,Base Min-Variance,-0.016872431036842144
2023-10-30,Base Min-Variance,0.0035052114318827724
2023-10-31,Base Min-Variance,0.006020065504403221
2023-11-01,Base Min-Variance,0.004026635023818276
2023-11-02,Base Min-Variance,0.014660922857073194
2023-11-03,Base Min-Variance,0.0017281275483808523
2023-11-06,Base Min-Variance,0.000932690781194782
2023-11-07,Base Min-Variance,0.0014767104727841747
2023-11-08,Base Min-Variance,-0.0008034426445392166
2023-11-09,Base Min-Variance,-0.009925694450130905
2023-11-10,Base Min-Variance,0.004868452151154857
2023-11-13,Base Min-Variance,0.0031667258558572696
2023-11-14,Base Min-Variance,0.007513611011460882
2023-11-15,Base Min-Variance,0.0034308721237694133
2023-11-16,Base Min-Variance,-0.014709784297732996
2023-11-17,Base Min-Variance,7.932790972134732e-06
2023-11-20,Base Min-Variance,0.004111741807611483
2023-11-21,Base Min-Variance,0.003255614661890502
2023-11-22,Base Min-Variance,-0.0007534104961498446
2023-11-24,Base Min-Variance,0.00444869603295071
2023-11-27,Base Min-Variance,0.00046029041577923886
2023-11-28,Base Min-Variance,-0.0004033409920124525
2023-11-29,Base Min-Variance,-0.001667849693270143
2023-11-30,Base Min-Variance,0.008905000750500812
2023-12-01,Base Min-Variance,0.0034076792624342695
2023-12-04,Base Min-Variance,0.00132595303820926
2023-12-05,Base Min-Variance,0.0030378791979503526
2023-12-06,Base Min-Variance,-0.0030399302099085993
2023-12-07,Base Min-Variance,0.00021902455163836038
2023-12-08,Base Min-Variance,-0.0021643530860300853
2023-12-11,Base Min-Variance,0.006513031136075842
2023-12-12,Base Min-Variance,0.0037607756870400434
2023-12-13,Base Min-Variance,0.014923651194991991
2023-12-14,Base Min-Variance,-0.0030966179315325302
2023-12-15,Base Min-Variance,-0.004302005768415782
2023-12-18,Base Min-Variance,0.003781290237656652
2023-12-19,Base Min-Variance,0.00395188268822237
2023-12-20,Base Min-Variance,-0.01302110844444349
2023-12-21,Base Min-Variance,0.007634028637155075
2023-12-22,Base Min-Variance,0.006568779143998047
2023-12-26,Base Min-Variance,0.003272792780559825
2023-12-27,Base Min-Variance,0.0037190068314369093
2023-12-28,Base Min-Variance,0.0019180217049502815
2023-12-29,Base Min-Variance,-0.00027458139715278514
2023-01-03,Naive Contrarian,0.0012638982494002533
2023-01-04,Naive Contrarian,0.00968515468609298
2023-01-05,Naive Contrarian,-0.000629181692962676
2023-01-06,Naive Contrarian,0.016460573163999317
2023-01-09,Naive Contrarian,-0.014408484406429074
2023-01-10,Naive Contrarian,0.001467148595909427
2023-01-11,Naive Contrarian,0.0022104054494158573
2023-01-12,Naive Contrarian,-0.0043381161741328795
2023-01-13,Naive Contrarian,0.002538930065153278
2023-01-17,Naive Contrarian,-0.005619047742965909
2023-01-18,Naive Contrarian,-0.017724228986625422
2023-01-19,Naive Contrarian,-0.0032889552278509006
2023-01-20,Naive Contrarian,0.009690032607776214
2023-01-23,Naive Contrarian,0.002427566162298227
2023-01-24,Naive Contrarian,-0.0017720294911762967
2023-01-25,Naive Contrarian,-0.0009509968173690387
2023-01-26,Naive Contrarian,0.00022988462617040068
2023-01-27,Naive Contrarian,-0.004417400798944635
2023-01-30,Naive Contrarian,-0.004613653075625205
2023-01-31,Naive Contrarian,0.0068894369243082355
2023-02-01,Naive Contrarian,-0.021499888395747548
2023-02-02,Naive Contrarian,-0.006657900749574846
2023-02-03,Naive Contrarian,-0.00990575535251026
2023-02-06,Naive Contrarian,-0.0026556810092445986
2023-02-07,Naive Contrarian,0.003741497208282205
2023-02-08,Naive Contrarian,-0.009285623412560007
2023-02-09,Naive Contrarian,-0.003966792920270244
2023-02-10,Naive Contrarian,0.01014155406732565
2023-02-13,Naive Contrarian,0.007606504757492344
2023-02-14,Naive Contrarian,-0.008768846398084073
2023-02-15,Naive Contrarian,0.0021814184319341326
2023-02-16,Naive Contrarian,-0.013084554512202327
2023-02-17,Naive Contrarian,0.013592465660739177
2023-02-21,Naive Contrarian,-0.006218503676577368
2023-02-22,Naive Contrarian,-0.004279191861516675
2023-02-23,Naive Contrarian,0.0018011437506180485
2023-02-24,Naive Contrarian,-0.00997162355569656
2023-02-27,Naive Contrarian,0.0005131214428618952
2023-02-28,Naive Contrarian,-0.008357692259918137
2023-03-01,Naive Contrarian,0.004461869715072608
2023-03-02,Naive Contrarian,0.002533604142511344
2023-03-03,Naive Contrarian,0.004181636490398046
2023-03-06,Naive Contrarian,0.002714367445604715
2023-03-07,Naive Contrarian,-0.0169065625362206
2023-03-08,Naive Contrarian,-0.0023637620215224025
2023-03-09,Naive Contrarian,-0.012381436726797989
2023-03-10,Naive Contrarian,-0.0007386474713039633
2023-03-13,Naive Contrarian,0.014751015254193795
2023-03-14,Naive Contrarian,0.0006425117524761416
2023-03-15,Naive Contrarian,0.007684749518491488
2023-03-16,Naive Contrarian,0.0003280834824029203
2023-03-17,Naive Contrarian,-0.013777286672224165
2023-03-20,Naive Contrarian,0.015513296235660825
2023-03-21,Naive Contrarian,-0.004378022167381451
2023-03-22,Naive Contrarian,-0.015833248290178552
2023-03-23,Naive Contrarian,0.006753435636491701
2023-03-24,Naive Contrarian,0.019191710055723683
2023-03-27,Naive Contrarian,0.0002243995619894408
2023-03-28,Naive Contrarian,0.003462378067364452
2023-03-29,Naive Contrarian,0.009532665666422638
2023-03-30,Naive Contrarian,0.0032555280462199876
2023-03-31,Naive Contrarian,0.005606972539749664
2023-04-03,Naive Contrarian,0.011276437342982224
2023-04-04,Naive Contrarian,0.007620643457398798
2023-04-05,Naive Contrarian,0.016667213876814923
2023-04-06,Naive Contrarian,-0.0003667422747806162
2023-04-10,Naive Contrarian,-0.0023452291304237637
2023-04-11,Naive Contrarian,-0.0005223415208198332
2023-04-12,Naive Contrarian,0.00042681992756398015
2023-04-13,Naive Contrarian,0.00987677102981838
2023-04-14,Naive Contrarian,-0.004426391875231487
2023-04-17,Naive Contrarian,-0.0010420984784407677
2023-04-18,Naive Contrarian,-0.0022910481047351433
2023-04-19,Naive Contrarian,-0.0013116341840028831
2023-04-20,Naive Contrarian,-0.00536610110769845
2023-04-21,Naive Contrarian,0.004805356992856547
2023-04-24,Naive Contrarian,0.0017684237993778865
2023-04-25,Naive Contrarian,0.00036696921505113025
2023-04-26,Naive Contrarian,-0.02103175624670983
2023-04-27,Naive Contrarian,0.009394654398887042
2023-04-28,Naive Contrarian,0.002686952865521147
2023-05-01,Naive Contrarian,0.0029471100395973126
2023-05-02,Naive Contrarian,-0.0033927775919813494
2023-05-03,Naive Contrarian,-0.006287831806115767
2023-05-04,Naive Contrarian,-0.0020064346649754016
2023-05-05,Naive Contrarian,0.00830129948960593
2023-05-08,Naive Contrarian,0.00109651132959652
2023-05-09,Naive Contrarian,-0.005347072391262386
2023-05-10,Naive Contrarian,0.00019500068029010872
2023-05-11,Naive Contrarian,-8.047415098621705e-05
2023-05-12,Naive Contrarian,0.0006134155957116399
2023-05-15,Naive Contrarian,-0.0037273299013101937
2023-05-16,Naive Contrarian,-0.010760104121227757
2023-05-17,Naive Contrarian,-0.00343354818188989
2023-05-18,Naive Contrarian,0.001112592245093982
2023-05-19,Naive Contrarian,0.0017818555788980358
2023-05-22,Naive Contrarian,-0.00926426746661263
2023-05-23,Naive Contrarian,-0.004140691951296118
2023-05-24,Naive Contrarian,-0.00422224750843758
2023-05-25,Naive Contrarian,-0.010981866721394277
2023-05-26,Naive Contrarian,-0.0022524565535105867
2023-05-30,Naive Contrarian,-0.00689373564691316
2023-05-31,Naive Contrarian,0.005977705223594944
2023-06-01,Naive Contrarian,-0.0044760755579901735
2023-06-02,Naive Contrarian,0.011469501989445935
2023-06-05,Naive Contrarian,-0.00013478291821724276
2023-06-06,Naive Contrarian,-0.0028010936435305814
2023-06-07,Naive Contrarian,0.004166221056492112
2023-06-08,Naive Contrarian,0.0019358732147971088
2023-06-09,Naive Contrarian,-0.0018325276660211558
2023-06-12,Naive Contrarian,-0.0030142882621062616
2023-06-13,Naive Contrarian,0.006663789317318256
2023-06-14,Naive Contrarian,0.0018274937535338659
2023-06-15,Naive Contrarian,0.010425229780063727
2023-06-16,Naive Contrarian,0.005038603489121957
2023-06-20,Naive Contrarian,-0.011012641254486486
2023-06-21,Naive Contrarian,-0.005101746404828824
2023-06-22,Naive Contrarian,0.004473301897233625
2023-06-23,Naive Contrarian,-0.009277732678136894
2023-06-26,Naive Contrarian,0.004744721366881997
2023-06-27,Naive Contrarian,0.0039012474177845327
2023-06-28,Naive Contrarian,-0.005213546326074762
2023-06-29,Naive Contrarian,-0.001854231366157028
2023-06-30,Naive Contrarian,0.0013074551889443954
2023-07-03,Naive Contrarian,0.00373802842343589
2023-07-05,Naive Contrarian,0.00231134596332366
2023-07-06,Naive Contrarian,-0.008250599236385277
2023-07-07,Naive Contrarian,-0.013493974326634869
2023-07-10,Naive Contrarian,0.0002712191394210852
2023-07-11,Naive Contrarian,0.00988587137324563
2023-07-12,Naive Contrarian,-0.0026637030967353722
2023-07-13,Naive Contrarian,0.0028138374091366187
2023-07-14,Naive Contrarian,0.0036667414353077224
2023-07-17,Naive Contrarian,-0.00454410631222906
2023-07-18,Naive Contrarian,0.0007262667611095937
2023-07-19,Naive Contrarian,0.00809910160034888
2023-07-20,Naive Contrarian,0.014700930484948561
2023-07-21,Naive Contrarian,0.005438467910751785
2023-07-24,Naive Contrarian,0.0008989756963174323
2023-07-25,Naive Contrarian,-0.002620141245086462
2023-07-26,Naive Contrarian,0.003987319973535192
2023-07-27,Naive Contrarian,-0.008089736566000476
2023-07-28,Naive Contrarian,0.0020165113590955527
2023-07-31,Naive Contrarian,-0.004914251793049223
2023-08-01,Naive Contrarian,-0.005344428786517464
2023-08-02,Naive Contrarian,-0.00714636931531619
2023-08-03,Naive Contrarian,-0.008773103641201867
2023-08-04,Naive Contrarian,-0.0040572049981022285
2023-08-07,Naive Contrarian,0.01297190002279429
2023-08-08,Naive Contrarian,-0.004424317435707745
2023-08-09,Naive Contrarian,0.003610023091505223
2023-08-10,Naive Contrarian,-0.002488651226804993
2023-08-11,Naive Contrarian,0.004660557511712015
2023-08-14,Naive Contrarian,-0.002589616358096531
2023-08-15,Naive Contrarian,-0.005678065609663281
2023-08-16,Naive Contrarian,-0.003381318366305614
2023-08-17,Naive Contrarian,-0.006936963771273472
2023-08-18,Naive Contrarian,0.0035026701929357054
2023-08-21,Naive Contrarian,-0.003742316345474978
2023-08-22,Naive Contrarian,-0.004463969497397098
2023-08-23,Naive Contrarian,0.008227096306971153
2023-08-24,Naive Contrarian,-0.00891652868709524
2023-08-25,Naive Contrarian,0.0012379826926967165
2023-08-28,Naive Contrarian,0.004449236484109971
2023-08-29,Naive Contrarian,0.005909111659252995
2023-08-30,Naive Contrarian,0.0021438450378332133
2023-08-31,Naive Contrarian,-0.004153561604734792
2023-09-01,Naive Contrarian,0.0013569033829678146
2023-09-05,Naive Contrarian,-0.0045397842216097824
2023-09-06,Naive Contrarian,-0.0008984579628612053
2023-09-07,Naive Contrarian,0.009875511913905715
2023-09-08,Naive Contrarian,0.00371171447049104
2023-09-11,Naive Contrarian,0.003722437238454593
2023-09-12,Naive Contrarian,-0.0011992845596192612
2023-09-13,Naive Contrarian,0.002627772396983309
2023-09-14,Naive Contrarian,0.009800503067584404
2023-09-15,Naive Contrarian,-0.009092096499821678
2023-09-18,Naive Contrarian,0.00020261621417875944
2023-09-19,Naive Contrarian,0.0011609339235593688
2023-09-20,Naive Contrarian,0.0019523928641844292
2023-09-21,Naive Contrarian,-0.01199602245807246
2023-09-22,Naive Contrarian,-0.0006395352023583165
2023-09-25,Naive Contrarian,0.004486021895748065
2023-09-26,Naive Contrarian,-0.005130371148223365
2023-09-27,Naive Contrarian,-0.0027822990304264853
2023-09-28,Naive Contrarian,0.005065045802430362
2023-09-29,Naive Contrarian,-0.007652072249256644
2023-10-02,Naive Contrarian,-0.007341124976884232
2023-10-03,Naive Contrarian,-0.007000481223505586
2023-10-04,Naive Contrarian,0.005829435791075765
2023-10-05,Naive Contrarian,-0.002995592459237552
2023-10-06,Naive Contrarian,0.008331313113630192
2023-10-09,Naive Contrarian,0.006163150202343407
2023-10-10,Naive Contrarian,0.005670776101164424
2023-10-11,Naive Contrarian,0.0031728291651621247
2023-10-12,Naive Contrarian,-0.002116679358959888
2023-10-13,Naive Contrarian,0.002429951956283958
2023-10-16,Naive Contrarian,0.003224991046720166
2023-10-17,Naive Contrarian,0.004925958531520336
2023-10-18,Naive Contrarian,-0.01058947618905506
2023-10-19,Naive Contrarian,-0.011833196741307587
2023-10-20,Naive Contrarian,0.004661461793670729
2023-10-23,Naive Contrarian,-0.00520268312124026
2023-10-24,Naive Contrarian,0.010511696317421548
2023-10-25,Naive Contrarian,-0.0015598886719974656
2023-10-26,Naive Contrarian,-0.000821267570419763
2023-10-27,Naive Contrarian,-0.01846050722753821
2023-10-30,Naive Contrarian,-0.0034608185316576286
2023-10-31,Naive Contrarian,0.008267017459072924
2023-11-01,Naive Contrarian,0.0017830411871548786
2023-11-02,Naive Contrarian,0.01671384898977635
2023-11-03,Naive Contrarian,0.005666793578005274
2023-11-06,Naive Contrarian,0.0016724014128490178
2023-11-07,Naive Contrarian,0.0007318865052510364
2023-11-08,Naive Contrarian,0.002584563013102311
2023-11-09,Naive Contrarian,-0.009836574165167804
2023-11-10,Naive Contrarian,0.0011542577423870606
2023-11-13,Naive Contrarian,0.0022837486371823017
2023-11-14,Naive Contrarian,0.009693214859271018
2023-11-15,Naive Contrarian,0.00017408731057983628
2023-11-16,Naive Contrarian,0.0021479438717510757
2023-11-17,Naive Contrarian,0.00016731955039314802
2023-11-20,Naive Contrarian,0.006355944921195521
2023-11-21,Naive Contrarian,0.0031274468475587644
2023-11-22,Naive Contrarian,0.0004559520162322778
2023-11-24,Naive Contrarian,0.0034833795968925965
2023-11-27,Naive Contrarian,-0.000682223618267537
2023-11-28,Naive Contrarian,-0.004438690355010738
2023-11-29,Naive Contrarian,0.0029936130860708744
2023-11-30,Naive Contrarian,0.010160864553676902
2023-12-01,Naive Contrarian,0.005142484277265547
2023-12-04,Naive Contrarian,0.0038422360404328708
2023-12-05,Naive Contrarian,0.0007496317008264333
2023-12-06,Naive Contrarian,-0.00215639816707825
2023-12-07,Naive Contrarian,-0.0002728059513223776
2023-12-08,Naive Contrarian,-0.002343327117514479
2023-12-11,Naive Contrarian,0.008829726627276007
2023-12-12,Naive Contrarian,0.003730873069170431
2023-12-13,Naive Contrarian,0.018033072115582263
2023-12-14,Naive Contrarian,-0.00233109944963798
2023-12-15,Naive Contrarian,-0.006621077697339858
2023-12-18,Naive Contrarian,0.002293286437177712
2023-12-19,Naive Contrarian,0.003255350941419698
2023-12-20,Naive Contrarian,-0.014086521213499062
2023-12-21,Naive Contrarian,0.007359046885066827
2023-12-22,Naive Contrarian,0.006753956245935745
2023-12-26,Naive Contrarian,0.004324102992028938
2023-12-27,Naive Contrarian,0.003154891592036047
2023-12-28,Naive Contrarian,0.0023248847297979505
2023-12-29,Naive Contrarian,-0.0010755168467959809
2023-01-03,Sector-Neutral Contrarian,0.00022062139893083352
2023-01-04,Sector-Neutral Contrarian,0.008541162460374384
2023-01-05,Sector-Neutral Contrarian,6.106849236485392e-05
2023-01-06,Sector-Neutral Contrarian,0.016179451464396997
2023-01-09,Sector-Neutral Contrarian,-0.015109320824289271
2023-01-10,Sector-Neutral Contrarian,0.0017986569703334187
2023-01-11,Sector-Neutral Contrarian,0.0012763529708608942
2023-01-12,Sector-Neutral Contrarian,-0.004520455781655596
2023-01-13,Sector-Neutral Contrarian,0.0026441179911234854
2023-01-17,Sector-Neutral Contrarian,-0.005345087038626539
2023-01-18,Sector-Neutral Contrarian,-0.017856087959857693
2023-01-19,Sector-Neutral Contrarian,-0.0027682739749259498
2023-01-20,Sector-Neutral Contrarian,0.009236965708499703
2023-01-23,Sector-Neutral Contrarian,0.00213708293634549
2023-01-24,Sector-Neutral Contrarian,-0.001983160273086467
2023-01-25,Sector-Neutral Contrarian,-0.0018229869540561726
2023-01-26,Sector-Neutral Contrarian,0.0013529404182124132
2023-01-27,Sector-Neutral Contrarian,-0.0057230793492771955
2023-01-30,Sector-Neutral Contrarian,-0.00485840472259315
2023-01-31,Sector-Neutral Contrarian,0.007033526972212558
2023-02-01,Sector-Neutral Contrarian,-0.022249107869615252
2023-02-02,Sector-Neutral Contrarian,-0.00880479567538136
2023-02-03,Sector-Neutral Contrarian,-0.009191564027304073
2023-02-06,Sector-Neutral Contrarian,-0.0032786448181107175
2023-02-07,Sector-Neutral Contrarian,0.00605244764624579
2023-02-08,Sector-Neutral Contrarian,-0.00967323886047106
2023-02-09,Sector-Neutral Contrarian,-0.0017672781284426837
2023-02-10,Sector-Neutral Contrarian,0.01206679323850509
2023-02-13,Sector-Neutral Contrarian,0.007449981628212723
2023-02-14,Sector-Neutral Contrarian,-0.007505780807434016
2023-02-15,Sector-Neutral Contrarian,0.0006191075150750126
2023-02-16,Sector-Neutral Contrarian,-0.014053735501206572
2023-02-17,Sector-Neutral Contrarian,0.012773208250121463
2023-02-21,Sector-Neutral Contrarian,-0.0050794334149865325
2023-02-22,Sector-Neutral Contrarian,-0.005892083329610357
2023-02-23,Sector-Neutral Contrarian,0.0018393219358804923
2023-02-24,Sector-Neutral Contrarian,-0.008779668095854409
2023-02-27,Sector-Neutral Contrarian,0.0008381041981117049
2023-02-28,Sector-Neutral Contrarian,-0.008299740662747202
2023-03-01,Sector-Neutral Contrarian,0.0023704541041018575
2023-03-02,Sector-Neutral Contrarian,0.004285861532304435
2023-03-03,Sector-Neutral Contrarian,0.00430071910746932
2023-03-06,Sector-Neutral Contrarian,0.0026750208054836743
2023-03-07,Sector-Neutral Contrarian,-0.014770892324734494
2023-03-08,Sector-Neutral Contrarian,-0.002859656039232116
2023-03-09,Sector-Neutral Contrarian,-0.012823524916844232
2023-03-10,Sector-Neutral Contrarian,-0.0008740041534586783
2023-03-13,Sector-Neutral Contrarian,0.012392446759051733
2023-03-14,Sector-Neutral Contrarian,0.002025874817992
2023-03-15,Sector-Neutral Contrarian,0.005680889726925442
2023-03-16,Sector-Neutral Contrarian,0.0014114933694420544
2023-03-17,Sector-Neutral Contrarian,-0.012192355884638625
2023-03-20,Sector-Neutral Contrarian,0.01489652465032733
2023-03-21,Sector-Neutral Contrarian,-0.0023949797206892407
2023-03-22,Sector-Neutral Contrarian,-0.015362768939646491
2023-03-23,Sector-Neutral Contrarian,0.007134075148266386
2023-03-24,Sector-Neutral Contrarian,0.01759620085576945
2023-03-27,Sector-Neutral Contrarian,0.001549128868587443
2023-03-28,Sector-Neutral Contrarian,0.0021977684278399858
2023-03-29,Sector-Neutral Contrarian,0.009477320381679448
2023-03-30,Sector-Neutral Contrarian,0.003280240795242459
2023-03-31,Sector-Neutral Contrarian,0.006274537767253892
2023-04-03,Sector-Neutral Contrarian,0.010726568770306574
2023-04-04,Sector-Neutral Contrarian,0.007033985976885974
2023-04-05,Sector-Neutral Contrarian,0.0157054637898073
2023-04-06,Sector-Neutral Contrarian,-0.000480393866350145
2023-04-10,Sector-Neutral Contrarian,-0.001911038280355123
2023-04-11,Sector-Neutral Contrarian,-0.00037375097267334454
2023-04-12,Sector-Neutral Contrarian,0.0005273757884724555
2023-04-13,Sector-Neutral Contrarian,0.009537987705811487
2023-04-14,Sector-Neutral Contrarian,-0.003993339778512401
2023-04-17,Sector-Neutral Contrarian,-0.0001461434792896794
2023-04-18,Sector-Neutral Contrarian,-0.0018639400997660486
2023-04-19,Sector-Neutral Contrarian,-0.0010958762532709474
2023-04-20,Sector-Neutral Contrarian,-0.005037683647642579
2023-04-21,Sector-Neutral Contrarian,0.004786962183108061
2023-04-24,Sector-Neutral Contrarian,0.001438668207826423
2023-04-25,Sector-Neutral Contrarian,-6.453283976828831e-05
2023-04-26,Sector-Neutral Contrarian,-0.020098031120118796
2023-04-27,Sector-Neutral Contrarian,0.008994317315469033
2023-04-28,Sector-Neutral Contrarian,0.0032426848810447884
2023-05-01,Sector-Neutral Contrarian,0.00020488687149838527
2023-05-02,Sector-Neutral Contrarian,-0.0032368258718112803
2023-05-03,Sector-Neutral Contrarian,-0.004636222574838432
2023-05-04,Sector-Neutral Contrarian,-0.0014784138244066437
2023-05-05,Sector-Neutral Contrarian,0.009818240346435787
2023-05-08,Sector-Neutral Contrarian,0.001024136909694481
2023-05-09,Sector-Neutral Contrarian,-0.0059822803514880465
2023-05-10,Sector-Neutral Contrarian,0.001820025459131612
2023-05-11,Sector-Neutral Contrarian,-0.0022869730516801878
2023-05-12,Sector-Neutral Contrarian,1.8789201094434232e-05
2023-05-15,Sector-Neutral Contrarian,-0.003092017591913212
2023-05-16,Sector-Neutral Contrarian,-0.012991764082651177
2023-05-17,Sector-Neutral Contrarian,-0.0018660671613987604
2023-05-18,Sector-Neutral Contrarian,0.0003102038396004498
2023-05-19,Sector-Neutral Contrarian,0.003001998180876925
2023-05-22,Sector-Neutral Contrarian,-0.007133429797522304
2023-05-23,Sector-Neutral Contrarian,-0.003970745640452864
2023-05-24,Sector-Neutral Contrarian,-0.005560227223610383
2023-05-25,Sector-Neutral Contrarian,-0.009263606163809395
2023-05-26,Sector-Neutral Contrarian,0.00034738864812337936
2023-05-30,Sector-Neutral Contrarian,-0.006838109510985641
2023-05-31,Sector-Neutral Contrarian,0.005460974473853263
2023-06-01,Sector-Neutral Contrarian,-0.007740438683125939
2023-06-02,Sector-Neutral Contrarian,0.014229081652033473
2023-06-05,Sector-Neutral Contrarian,0.0007017907884558131
2023-06-06,Sector-Neutral Contrarian,-0.0037491383508836116
2023-06-07,Sector-Neutral Contrarian,0.0038242361749175223
2023-06-08,Sector-Neutral Contrarian,0.0020323295121173895
2023-06-09,Sector-Neutral Contrarian,-0.0018198844885097952
2023-06-12,Sector-Neutral Contrarian,-0.0036861251198187298
2023-06-13,Sector-Neutral Contrarian,0.0076619667922313795
2023-06-14,Sector-Neutral Contrarian,0.0007264892077491238
2023-06-15,Sector-Neutral Contrarian,0.011483029332099305
2023-06-16,Sector-Neutral Contrarian,0.006171155340766858
2023-06-20,Sector-Neutral Contrarian,-0.009781244860052545
2023-06-21,Sector-Neutral Contrarian,-0.004286946385885521
2023-06-22,Sector-Neutral Contrarian,0.005030987689379308
2023-06-23,Sector-Neutral Contrarian,-0.009615204941948813
2023-06-26,Sector-Neutral Contrarian,0.0019986847059183153
2023-06-27,Sector-Neutral Contrarian,0.0003608412212014062
2023-06-28,Sector-Neutral Contrarian,-0.005083860544459787
2023-06-29,Sector-Neutral Contrarian,-0.0016114606999775895
2023-06-30,Sector-Neutral Contrarian,0.0026714918470757297
2023-07-03,Sector-Neutral Contrarian,0.0036020823473896235
2023-07-05,Sector-Neutral Contrarian,0.0021585090044595754
2023-07-06,Sector-Neutral Contrarian,-0.00842581940634362
2023-07-07,Sector-Neutral Contrarian,-0.013403565840402858
2023-07-10,Sector-Neutral Contrarian,0.0004910630368304481
2023-07-11,Sector-Neutral Contrarian,0.00995640457521952
2023-07-12,Sector-Neutral Contrarian,-0.0027897196429451966
2023-07-13,Sector-Neutral Contrarian,0.002551456139706142
2023-07-14,Sector-Neutral Contrarian,0.0034116156436160916
2023-07-17,Sector-Neutral Contrarian,-0.004697696557583452
2023-07-18,Sector-Neutral Contrarian,0.000896455330043461
2023-07-19,Sector-Neutral Contrarian,0.007891285444174306
2023-07-20,Sector-Neutral Contrarian,0.01478405747077082
2023-07-21,Sector-Neutral Contrarian,0.005618197514540102
2023-07-24,Sector-Neutral Contrarian,0.0008889717178283684
2023-07-25,Sector-Neutral Contrarian,-0.002606271786768725
2023-07-26,Sector-Neutral Contrarian,0.003689133160444787
2023-07-27,Sector-Neutral Contrarian,-0.00790654000803044
2023-07-28,Sector-Neutral Contrarian,0.002086018127130559
2023-07-31,Sector-Neutral Contrarian,-0.004632235883522923
2023-08-01,Sector-Neutral Contrarian,-0.005404884977353454
2023-08-02,Sector-Neutral Contrarian,-0.006963806340856101
2023-08-03,Sector-Neutral Contrarian,-0.006633101677922134
2023-08-04,Sector-Neutral Contrarian,-0.00458737117118908
2023-08-07,Sector-Neutral Contrarian,0.0125732168706076
2023-08-08,Sector-Neutral Contrarian,-0.0031430773688967913
2023-08-09,Sector-Neutral Contrarian,0.0033357722319765793
2023-08-10,Sector-Neutral Contrarian,-0.001508203657008888
2023-08-11,Sector-Neutral Contrarian,0.005578643216913321
2023-08-14,Sector-Neutral Contrarian,-0.0017408880869035635
2023-08-15,Sector-Neutral Contrarian,-0.00583747395647658
2023-08-16,Sector-Neutral Contrarian,-0.003092231759002911
2023-08-17,Sector-Neutral Contrarian,-0.007007567373893608
2023-08-18,Sector-Neutral Contrarian,0.004044640665303642
2023-08-21,Sector-Neutral Contrarian,-0.003149427486648742
2023-08-22,Sector-Neutral Contrarian,-0.005071289462508158
2023-08-23,Sector-Neutral Contrarian,0.0073489111015295925
2023-08-24,Sector-Neutral Contrarian,-0.008530597618912795
2023-08-25,Sector-Neutral Contrarian,0.0022956534401253332
2023-08-28,Sector-Neutral Contrarian,0.004141109597191766
2023-08-29,Sector-Neutral Contrarian,0.006247136461409269
2023-08-30,Sector-Neutral Contrarian,0.002355296633855169
2023-08-31,Sector-Neutral Contrarian,-0.0039694326687228915
2023-09-01,Sector-Neutral Contrarian,0.0009744977118069827
2023-09-05,Sector-Neutral Contrarian,-0.007509151095908844
2023-09-06,Sector-Neutral Contrarian,-0.0006813777917970823
2023-09-07,Sector-Neutral Contrarian,0.011055987960360504
2023-09-08,Sector-Neutral Contrarian,0.0039115281985220435
2023-09-11,Sector-Neutral Contrarian,0.0024696857589318263
2023-09-12,Sector-Neutral Contrarian,0.00010312491152118135
2023-09-13,Sector-Neutral Contrarian,0.0018975509230185334
2023-09-14,Sector-Neutral Contrarian,0.008582828822692816
2023-09-15,Sector-Neutral Contrarian,-0.008810966933991467
2023-09-18,Sector-Neutral Contrarian,-0.0003611096477151303
2023-09-19,Sector-Neutral Contrarian,0.0007652895530004239
2023-09-20,Sector-Neutral Contrarian,0.0023333607640333323
2023-09-21,Sector-Neutral Contrarian,-0.012945992993222633
2023-09-22,Sector-Neutral Contrarian,-0.0014299481035479659
2023-09-25,Sector-Neutral Contrarian,0.0037102924293862796
2023-09-26,Sector-Neutral Contrarian,-0.005301229094606152
2023-09-27,Sector-Neutral Contrarian,-0.003578264565383814
2023-09-28,Sector-Neutral Contrarian,0.00349522140942421
2023-09-29,Sector-Neutral Contrarian,-0.009283076529008474
2023-10-02,Sector-Neutral Contrarian,-0.008466712491134357
2023-10-03,Sector-Neutral Contrarian,-0.007635810421764676
2023-10-04,Sector-Neutral Contrarian,0.004100086393321061
2023-10-05,Sector-Neutral Contrarian,-0.014984855231393753
2023-10-06,Sector-Neutral Contrarian,0.011259818671972992
2023-10-09,Sector-Neutral Contrarian,0.005138372596649408
2023-10-10,Sector-Neutral Contrarian,0.011170575568702492
2023-10-11,Sector-Neutral Contrarian,0.0011069940459530097
2023-10-12,Sector-Neutral Contrarian,-0.00491582079462153
2023-10-13,Sector-Neutral Contrarian,0.002324710388713644
2023-10-16,Sector-Neutral Contrarian,0.004911256903886077
2023-10-17,Sector-Neutral Contrarian,0.006265267739436413
2023-10-18,Sector-Neutral Contrarian,-0.006908812015512573
2023-10-19,Sector-Neutral Contrarian,-0.007389623394453756
2023-10-20,Sector-Neutral Contrarian,0.003143430198308378
2023-10-23,Sector-Neutral Contrarian,-0.007007477246561855
2023-10-24,Sector-Neutral Contrarian,0.014674938388702206
2023-10-25,Sector-Neutral Contrarian,-0.00015897118729530507
2023-10-26,Sector-Neutral Contrarian,-0.0033750833583651354
2023-10-27,Sector-Neutral Contrarian,-0.015217993779048979
2023-10-30,Sector-Neutral Contrarian,0.0011812606090204462
2023-10-31,Sector-Neutral Contrarian,0.00809255769423259
2023-11-01,Sector-Neutral Contrarian,0.0015894923866267008
2023-11-02,Sector-Neutral Contrarian,0.015360389334007293
2023-11-03,Sector-Neutral Contrarian,0.0024345730132519466
2023-11-06,Sector-Neutral Contrarian,0.0020088830489514947
2023-11-07,Sector-Neutral Contrarian,-0.0009295777367313476
2023-11-08,Sector-Neutral Contrarian,0.001273058389449422
2023-11-09,Sector-Neutral Contrarian,-0.009785263138328372
2023-11-10,Sector-Neutral Contrarian,0.0010717607260867061
2023-11-13,Sector-Neutral Contrarian,0.003460321186772085
2023-11-14,Sector-Neutral Contrarian,0.007847639642745742
2023-11-15,Sector-Neutral Contrarian,-7.641125565592309e-05
2023-11-16,Sector-Neutral Contrarian,0.00041531136831560167
2023-11-17,Sector-Neutral Contrarian,0.0011479012788009795
2023-11-20,Sector-Neutral Contrarian,0.005232349432112304
2023-11-21,Sector-Neutral Contrarian,0.004237641170276051
2023-11-22,Sector-Neutral Contrarian,0.0013057011636260893
2023-11-24,Sector-Neutral Contrarian,0.003218733470995495
2023-11-27,Sector-Neutral Contrarian,-0.0012934540226861586
2023-11-28,Sector-Neutral Contrarian,-0.0033144933656265446
2023-11-29,Sector-Neutral Contrarian,0.0008186452950998495
2023-11-30,Sector-Neutral Contrarian,0.010164247537537611
2023-12-01,Sector-Neutral Contrarian,0.00562641073666002
2023-12-04,Sector-Neutral Contrarian,0.0025353448763431154
2023-12-05,Sector-Neutral Contrarian,2.393957248601709e-05
2023-12-06,Sector-Neutral Contrarian,-0.002524059065192827
2023-12-07,Sector-Neutral Contrarian,0.0010770956450144825
2023-12-08,Sector-Neutral Contrarian,0.0014621148203274106
2023-12-11,Sector-Neutral Contrarian,0.00912172498450976
2023-12-12,Sector-Neutral Contrarian,0.004512846758301853
2023-12-13,Sector-Neutral Contrarian,0.016892347576550764
2023-12-14,Sector-Neutral Contrarian,0.001876202531780744
2023-12-15,Sector-Neutral Contrarian,-0.005100548560597454
2023-12-18,Sector-Neutral Contrarian,0.0014931724025234769
2023-12-19,Sector-Neutral Contrarian,0.003953508487109559
2023-12-20,Sector-Neutral Contrarian,-0.01397906337895695
2023-12-21,Sector-Neutral Contrarian,0.00844249872503968
2023-12-22,Sector-Neutral Contrarian,0.005691091247053144
2023-12-26,Sector-Neutral Contrarian,0.004058090131759364
2023-12-27,Sector-Neutral Contrarian,0.0031788114375330594
2023-12-28,Sector-Neutral Contrarian,0.001465440956234497
2023-12-29,Sector-Neutral Contrarian,-0.0004932600302883795
2023-01-03,Tail-Risk-Aware Sector-Neutral Fixed,-2.8197711199127356e-05
2023-01-04,Tail-Risk-Aware Sector-Neutral Fixed,0.008502889569874888
2023-01-05,Tail-Risk-Aware Sector-Neutral Fixed,5.541737878052798e-05
2023-01-06,Tail-Risk-Aware Sector-Neutral Fixed,0.016274724499803453
2023-01-09,Tail-Risk-Aware Sector-Neutral Fixed,-0.014997494300331838
2023-01-10,Tail-Risk-Aware Sector-Neutral Fixed,0.0019271724515412959
2023-01-11,Tail-Risk-Aware Sector-Neutral Fixed,0.001285756680877577
2023-01-12,Tail-Risk-Aware Sector-Neutral Fixed,-0.00447081325183948
2023-01-13,Tail-Risk-Aware Sector-Neutral Fixed,0.002571769032707284
2023-01-17,Tail-Risk-Aware Sector-Neutral Fixed,-0.005282975851322947
2023-01-18,Tail-Risk-Aware Sector-Neutral Fixed,-0.01785065737263117
2023-01-19,Tail-Risk-Aware Sector-Neutral Fixed,-0.0027095449207960843
2023-01-20,Tail-Risk-Aware Sector-Neutral Fixed,0.009118130601395241
2023-01-23,Tail-Risk-Aware Sector-Neutral Fixed,0.0019260158336605175
2023-01-24,Tail-Risk-Aware Sector-Neutral Fixed,-0.0019441250223168527
2023-01-25,Tail-Risk-Aware Sector-Neutral Fixed,-0.0018170099504230533
2023-01-26,Tail-Risk-Aware Sector-Neutral Fixed,0.0013461284672050076
2023-01-27,Tail-Risk-Aware Sector-Neutral Fixed,-0.005862315685753409
2023-01-30,Tail-Risk-Aware Sector-Neutral Fixed,-0.004781976166164981
2023-01-31,Tail-Risk-Aware Sector-Neutral Fixed,0.006914595866545958
2023-02-01,Tail-Risk-Aware Sector-Neutral Fixed,-0.022578636792029483
2023-02-02,Tail-Risk-Aware Sector-Neutral Fixed,-0.008816900152863235
2023-02-03,Tail-Risk-Aware Sector-Neutral Fixed,-0.009083757856766763
2023-02-06,Tail-Risk-Aware Sector-Neutral Fixed,-0.003207073087011048
2023-02-07,Tail-Risk-Aware Sector-Neutral Fixed,0.0059082899011606805
2023-02-08,Tail-Risk-Aware Sector-Neutral Fixed,-0.00973868888849963
2023-02-09,Tail-Risk-Aware Sector-Neutral Fixed,-0.0018708974166008149
2023-02-10,Tail-Risk-Aware Sector-Neutral Fixed,0.011901743628949997
2023-02-13,Tail-Risk-Aware Sector-Neutral Fixed,0.00747151344755071
2023-02-14,Tail-Risk-Aware Sector-Neutral Fixed,-0.007623542262075882
2023-02-15,Tail-Risk-Aware Sector-Neutral Fixed,0.0005404009739489525
2023-02-16,Tail-Risk-Aware Sector-Neutral Fixed,-0.01401446804608544
2023-02-17,Tail-Risk-Aware Sector-Neutral Fixed,0.012766425128223959
2023-02-21,Tail-Risk-Aware Sector-Neutral Fixed,-0.0051801979057463955
2023-02-22,Tail-Risk-Aware Sector-Neutral Fixed,-0.005730496213111922
2023-02-23,Tail-Risk-Aware Sector-Neutral Fixed,0.0019452556585394304
2023-02-24,Tail-Risk-Aware Sector-Neutral Fixed,-0.008872132895629627
2023-02-27,Tail-Risk-Aware Sector-Neutral Fixed,0.0009561595308326248
2023-02-28,Tail-Risk-Aware Sector-Neutral Fixed,-0.008307374990339879
2023-03-01,Tail-Risk-Aware Sector-Neutral Fixed,0.002496420871069311
2023-03-02,Tail-Risk-Aware Sector-Neutral Fixed,0.004173998400625156
2023-03-03,Tail-Risk-Aware Sector-Neutral Fixed,0.004187073025614648
2023-03-06,Tail-Risk-Aware Sector-Neutral Fixed,0.00269265557160741
2023-03-07,Tail-Risk-Aware Sector-Neutral Fixed,-0.014961462743200477
2023-03-08,Tail-Risk-Aware Sector-Neutral Fixed,-0.002572619079164671
2023-03-09,Tail-Risk-Aware Sector-Neutral Fixed,-0.012802343139084217
2023-03-10,Tail-Risk-Aware Sector-Neutral Fixed,-0.0008251915788547301
2023-03-13,Tail-Risk-Aware Sector-Neutral Fixed,0.012606919897952812
2023-03-14,Tail-Risk-Aware Sector-Neutral Fixed,0.001709096541992754
2023-03-15,Tail-Risk-Aware Sector-Neutral Fixed,0.005803767000874257
2023-03-16,Tail-Risk-Aware Sector-Neutral Fixed,0.0013794235987745307
2023-03-17,Tail-Risk-Aware Sector-Neutral Fixed,-0.012381704102262412
2023-03-20,Tail-Risk-Aware Sector-Neutral Fixed,0.015028938654532604
2023-03-21,Tail-Risk-Aware Sector-Neutral Fixed,-0.002547659369479223
2023-03-22,Tail-Risk-Aware Sector-Neutral Fixed,-0.015226734412919047
2023-03-23,Tail-Risk-Aware Sector-Neutral Fixed,0.007059126435197471
2023-03-24,Tail-Risk-Aware Sector-Neutral Fixed,0.017727370299483253
2023-03-27,Tail-Risk-Aware Sector-Neutral Fixed,0.0014482277480126413
2023-03-28,Tail-Risk-Aware Sector-Neutral Fixed,0.0023311834519316598
2023-03-29,Tail-Risk-Aware Sector-Neutral Fixed,0.00965291096242037
2023-03-30,Tail-Risk-Aware Sector-Neutral Fixed,0.0032170953173602367
2023-03-31,Tail-Risk-Aware Sector-Neutral Fixed,0.006109618329038253
2023-04-03,Tail-Risk-Aware Sector-Neutral Fixed,0.010621450758509626
2023-04-04,Tail-Risk-Aware Sector-Neutral Fixed,0.007071307646517242
2023-04-05,Tail-Risk-Aware Sector-Neutral Fixed,0.01553883334133945
2023-04-06,Tail-Risk-Aware Sector-Neutral Fixed,-0.0005181789757780515
2023-04-10,Tail-Risk-Aware Sector-Neutral Fixed,-0.0019303737583596322
2023-04-11,Tail-Risk-Aware Sector-Neutral Fixed,-0.00035234676851429676
2023-04-12,Tail-Risk-Aware Sector-Neutral Fixed,0.0005977053858358696
2023-04-13,Tail-Risk-Aware Sector-Neutral Fixed,0.009580844229280771
2023-04-14,Tail-Risk-Aware Sector-Neutral Fixed,-0.0039818103909732925
2023-04-17,Tail-Risk-Aware Sector-Neutral Fixed,-0.00015389519493279533
2023-04-18,Tail-Risk-Aware Sector-Neutral Fixed,-0.0019196845324341055
2023-04-19,Tail-Risk-Aware Sector-Neutral Fixed,-0.0010039927507783238
2023-04-20,Tail-Risk-Aware Sector-Neutral Fixed,-0.005065159372996934
2023-04-21,Tail-Risk-Aware Sector-Neutral Fixed,0.0047298098896297585
2023-04-24,Tail-Risk-Aware Sector-Neutral Fixed,0.0013565311269690846
2023-04-25,Tail-Risk-Aware Sector-Neutral Fixed,5.788214149131512e-06
2023-04-26,Tail-Risk-Aware Sector-Neutral Fixed,-0.020056478551943
2023-04-27,Tail-Risk-Aware Sector-Neutral Fixed,0.008488919613923675
2023-04-28,Tail-Risk-Aware Sector-Neutral Fixed,0.003395948961372688
2023-05-01,Tail-Risk-Aware Sector-Neutral Fixed,0.0002724717643018373
2023-05-02,Tail-Risk-Aware Sector-Neutral Fixed,-0.0033139018199921525
2023-05-03,Tail-Risk-Aware Sector-Neutral Fixed,-0.0046962937808984985
2023-05-04,Tail-Risk-Aware Sector-Neutral Fixed,-0.001564072089573193
2023-05-05,Tail-Risk-Aware Sector-Neutral Fixed,0.009701681007134297
2023-05-08,Tail-Risk-Aware Sector-Neutral Fixed,0.0009111634023979034
2023-05-09,Tail-Risk-Aware Sector-Neutral Fixed,-0.006084088755697164
2023-05-10,Tail-Risk-Aware Sector-Neutral Fixed,0.0018389632249998162
2023-05-11,Tail-Risk-Aware Sector-Neutral Fixed,-0.0022343199295820847
2023-05-12,Tail-Risk-Aware Sector-Neutral Fixed,9.357643321913011e-05
2023-05-15,Tail-Risk-Aware Sector-Neutral Fixed,-0.0030482762908570745
2023-05-16,Tail-Risk-Aware Sector-Neutral Fixed,-0.012989543155905874
2023-05-17,Tail-Risk-Aware Sector-Neutral Fixed,-0.0018355447552724359
2023-05-18,Tail-Risk-Aware Sector-Neutral Fixed,-4.064068763405277e-05
2023-05-19,Tail-Risk-Aware Sector-Neutral Fixed,0.0031867950612333574
2023-05-22,Tail-Risk-Aware Sector-Neutral Fixed,-0.007268244833357656
2023-05-23,Tail-Risk-Aware Sector-Neutral Fixed,-0.004009492971362804
2023-05-24,Tail-Risk-Aware Sector-Neutral Fixed,-0.005623547093314878
2023-05-25,Tail-Risk-Aware Sector-Neutral Fixed,-0.009259939128563677
2023-05-26,Tail-Risk-Aware Sector-Neutral Fixed,0.0002827540166775119
2023-05-30,Tail-Risk-Aware Sector-Neutral Fixed,-0.006912078560078069
2023-05-31,Tail-Risk-Aware Sector-Neutral Fixed,0.005410071207259655
2023-06-01,Tail-Risk-Aware Sector-Neutral Fixed,-0.007731044639994036
2023-06-02,Tail-Risk-Aware Sector-Neutral Fixed,0.014256986656006524
2023-06-05,Tail-Risk-Aware Sector-Neutral Fixed,0.0007804725214175608
2023-06-06,Tail-Risk-Aware Sector-Neutral Fixed,-0.003732084155531589
2023-06-07,Tail-Risk-Aware Sector-Neutral Fixed,0.0037087813576047717
2023-06-08,Tail-Risk-Aware Sector-Neutral Fixed,0.0019804739322723643
2023-06-09,Tail-Risk-Aware Sector-Neutral Fixed,-0.0019069948485939715
2023-06-12,Tail-Risk-Aware Sector-Neutral Fixed,-0.003706427983276537
2023-06-13,Tail-Risk-Aware Sector-Neutral Fixed,0.007809308287680748
2023-06-14,Tail-Risk-Aware Sector-Neutral Fixed,0.0008385719069118158
2023-06-15,Tail-Risk-Aware Sector-Neutral Fixed,0.011667169883791139
2023-06-16,Tail-Risk-Aware Sector-Neutral Fixed,0.006070615501239874
2023-06-20,Tail-Risk-Aware Sector-Neutral Fixed,-0.009773248048363964
2023-06-21,Tail-Risk-Aware Sector-Neutral Fixed,-0.0042948141411124794
2023-06-22,Tail-Risk-Aware Sector-Neutral Fixed,0.00509657845958209
2023-06-23,Tail-Risk-Aware Sector-Neutral Fixed,-0.009604130640343588
2023-06-26,Tail-Risk-Aware Sector-Neutral Fixed,0.00197322819945784
2023-06-27,Tail-Risk-Aware Sector-Neutral Fixed,0.0004546605839276152
2023-06-28,Tail-Risk-Aware Sector-Neutral Fixed,-0.005119371395855969
2023-06-29,Tail-Risk-Aware Sector-Neutral Fixed,-0.0016767071974309235
2023-06-30,Tail-Risk-Aware Sector-Neutral Fixed,0.0026171479486507667
2023-07-03,Tail-Risk-Aware Sector-Neutral Fixed,0.003598403031533862
2023-07-05,Tail-Risk-Aware Sector-Neutral Fixed,0.0022952617389753456
2023-07-06,Tail-Risk-Aware Sector-Neutral Fixed,-0.008424497308994815
2023-07-07,Tail-Risk-Aware Sector-Neutral Fixed,-0.013253304815931803
2023-07-10,Tail-Risk-Aware Sector-Neutral Fixed,0.0002761484768855966
2023-07-11,Tail-Risk-Aware Sector-Neutral Fixed,0.010269836080521986
2023-07-12,Tail-Risk-Aware Sector-Neutral Fixed,-0.0027785408155741476
2023-07-13,Tail-Risk-Aware Sector-Neutral Fixed,0.0029186983777325076
2023-07-14,Tail-Risk-Aware Sector-Neutral Fixed,0.0036658294646243804
2023-07-17,Tail-Risk-Aware Sector-Neutral Fixed,-0.004505717781122066
2023-07-18,Tail-Risk-Aware Sector-Neutral Fixed,0.000865818671023448
2023-07-19,Tail-Risk-Aware Sector-Neutral Fixed,0.007984081329974963
2023-07-20,Tail-Risk-Aware Sector-Neutral Fixed,0.014591573987226283
2023-07-21,Tail-Risk-Aware Sector-Neutral Fixed,0.005459313267840419
2023-07-24,Tail-Risk-Aware Sector-Neutral Fixed,0.0007357318331897111
2023-07-25,Tail-Risk-Aware Sector-Neutral Fixed,-0.0025812834910833434
2023-07-26,Tail-Risk-Aware Sector-Neutral Fixed,0.003873014369299607
2023-07-27,Tail-Risk-Aware Sector-Neutral Fixed,-0.008051460726277968
2023-07-28,Tail-Risk-Aware Sector-Neutral Fixed,0.001981412085852313
2023-07-31,Tail-Risk-Aware Sector-Neutral Fixed,-0.004862435348068133
2023-08-01,Tail-Risk-Aware Sector-Neutral Fixed,-0.0055096865025034
2023-08-02,Tail-Risk-Aware Sector-Neutral Fixed,-0.006940966841018908
2023-08-03,Tail-Risk-Aware Sector-Neutral Fixed,-0.00637044609757038
2023-08-04,Tail-Risk-Aware Sector-Neutral Fixed,-0.0041219198060233634
2023-08-07,Tail-Risk-Aware Sector-Neutral Fixed,0.012820607802287545
2023-08-08,Tail-Risk-Aware Sector-Neutral Fixed,-0.002862116298342386
2023-08-09,Tail-Risk-Aware Sector-Neutral Fixed,0.003285311168837798
2023-08-10,Tail-Risk-Aware Sector-Neutral Fixed,-0.0014671797489443775
2023-08-11,Tail-Risk-Aware Sector-Neutral Fixed,0.005707021754950608
2023-08-14,Tail-Risk-Aware Sector-Neutral Fixed,-0.0018176593494049803
2023-08-15,Tail-Risk-Aware Sector-Neutral Fixed,-0.005744161600008567
2023-08-16,Tail-Risk-Aware Sector-Neutral Fixed,-0.0030535764380481677
2023-08-17,Tail-Risk-Aware Sector-Neutral Fixed,-0.007945157073200385
2023-08-18,Tail-Risk-Aware Sector-Neutral Fixed,0.004387303771239944
2023-08-21,Tail-Risk-Aware Sector-Neutral Fixed,-0.0029183908769915673
2023-08-22,Tail-Risk-Aware Sector-Neutral Fixed,-0.00501690454109022
2023-08-23,Tail-Risk-Aware Sector-Neutral Fixed,0.0076091462297310074
2023-08-24,Tail-Risk-Aware Sector-Neutral Fixed,-0.008798260987327894
2023-08-25,Tail-Risk-Aware Sector-Neutral Fixed,0.00235992341436788
2023-08-28,Tail-Risk-Aware Sector-Neutral Fixed,0.004218192449917863
2023-08-29,Tail-Risk-Aware Sector-Neutral Fixed,0.006658007853070764
2023-08-30,Tail-Risk-Aware Sector-Neutral Fixed,0.0026555241019920383
2023-08-31,Tail-Risk-Aware Sector-Neutral Fixed,-0.0032135383342248025
2023-09-01,Tail-Risk-Aware Sector-Neutral Fixed,0.0004191914835569273
2023-09-05,Tail-Risk-Aware Sector-Neutral Fixed,-0.0074438058482377365
2023-09-06,Tail-Risk-Aware Sector-Neutral Fixed,-0.0012299893950043052
2023-09-07,Tail-Risk-Aware Sector-Neutral Fixed,0.012646656194183061
2023-09-08,Tail-Risk-Aware Sector-Neutral Fixed,0.0037460091822406876
2023-09-11,Tail-Risk-Aware Sector-Neutral Fixed,0.003945062741079978
2023-09-12,Tail-Risk-Aware Sector-Neutral Fixed,-0.00032994212020485833
2023-09-13,Tail-Risk-Aware Sector-Neutral Fixed,0.0017618046379496853
2023-09-14,Tail-Risk-Aware Sector-Neutral Fixed,0.010070702038082083
2023-09-15,Tail-Risk-Aware Sector-Neutral Fixed,-0.0076355230881966895
2023-09-18,Tail-Risk-Aware Sector-Neutral Fixed,-0.0013166554349320386
2023-09-19,Tail-Risk-Aware Sector-Neutral Fixed,0.0004566226337515642
2023-09-20,Tail-Risk-Aware Sector-Neutral Fixed,0.002941890560930327
2023-09-21,Tail-Risk-Aware Sector-Neutral Fixed,-0.012583723588168616
2023-09-22,Tail-Risk-Aware Sector-Neutral Fixed,-0.00010609670557304484
2023-09-25,Tail-Risk-Aware Sector-Neutral Fixed,0.004261993598278085
2023-09-26,Tail-Risk-Aware Sector-Neutral Fixed,-0.003350954640507319
2023-09-27,Tail-Risk-Aware Sector-Neutral Fixed,-0.0019308612713734832
2023-09-28,Tail-Risk-Aware Sector-Neutral Fixed,0.0033157161863439843
2023-09-29,Tail-Risk-Aware Sector-Neutral Fixed,-0.01056476758877891
2023-10-02,Tail-Risk-Aware Sector-Neutral Fixed,-0.008423332297223453
2023-10-03,Tail-Risk-Aware Sector-Neutral Fixed,-0.007575987034072648
2023-10-04,Tail-Risk-Aware Sector-Neutral Fixed,0.004038731994408356
2023-10-05,Tail-Risk-Aware Sector-Neutral Fixed,-0.014920401243526537
2023-10-06,Tail-Risk-Aware Sector-Neutral Fixed,0.01126940228811207
2023-10-09,Tail-Risk-Aware Sector-Neutral Fixed,0.005096225756763668
2023-10-10,Tail-Risk-Aware Sector-Neutral Fixed,0.01117335192595396
2023-10-11,Tail-Risk-Aware Sector-Neutral Fixed,0.000969867840012664
2023-10-12,Tail-Risk-Aware Sector-Neutral Fixed,-0.004826830140885501
2023-10-13,Tail-Risk-Aware Sector-Neutral Fixed,0.0023288277467303354
2023-10-16,Tail-Risk-Aware Sector-Neutral Fixed,0.004863767901236559
2023-10-17,Tail-Risk-Aware Sector-Neutral Fixed,0.0062607880276389655
2023-10-18,Tail-Risk-Aware Sector-Neutral Fixed,-0.0069687149324826145
2023-10-19,Tail-Risk-Aware Sector-Neutral Fixed,-0.007398608685284774
2023-10-20,Tail-Risk-Aware Sector-Neutral Fixed,0.0032440442435587276
2023-10-23,Tail-Risk-Aware Sector-Neutral Fixed,-0.0069422485449782195
2023-10-24,Tail-Risk-Aware Sector-Neutral Fixed,0.014625372411910859
2023-10-25,Tail-Risk-Aware Sector-Neutral Fixed,-2.0475464859116745e-06
2023-10-26,Tail-Risk-Aware Sector-Neutral Fixed,-0.0032193684649060254
2023-10-27,Tail-Risk-Aware Sector-Neutral Fixed,-0.015234405921605212
2023-10-30,Tail-Risk-Aware Sector-Neutral Fixed,0.0011222299468352781
2023-10-31,Tail-Risk-Aware Sector-Neutral Fixed,0.008253608622241875
2023-11-01,Tail-Risk-Aware Sector-Neutral Fixed,0.00159485596508161
2023-11-02,Tail-Risk-Aware Sector-Neutral Fixed,0.01532137443770569
2023-11-03,Tail-Risk-Aware Sector-Neutral Fixed,0.0024527847050734475
2023-11-06,Tail-Risk-Aware Sector-Neutral Fixed,0.002073980833947996
2023-11-07,Tail-Risk-Aware Sector-Neutral Fixed,-0.0011466855756792995
2023-11-08,Tail-Risk-Aware Sector-Neutral Fixed,0.0013055368913720508
2023-11-09,Tail-Risk-Aware Sector-Neutral Fixed,-0.009826825281310084
2023-11-10,Tail-Risk-Aware Sector-Neutral Fixed,0.0010335615939224046
2023-11-13,Tail-Risk-Aware Sector-Neutral Fixed,0.003452805683395354
2023-11-14,Tail-Risk-Aware Sector-Neutral Fixed,0.007856534354558804
2023-11-15,Tail-Risk-Aware Sector-Neutral Fixed,-0.00014254290102180454
2023-11-16,Tail-Risk-Aware Sector-Neutral Fixed,0.0006156303396965497
2023-11-17,Tail-Risk-Aware Sector-Neutral Fixed,0.0011148516880396448
2023-11-20,Tail-Risk-Aware Sector-Neutral Fixed,0.005243213191085564
2023-11-21,Tail-Risk-Aware Sector-Neutral Fixed,0.004253670259858096
2023-11-22,Tail-Risk-Aware Sector-Neutral Fixed,0.0013584675472542358
2023-11-24,Tail-Risk-Aware Sector-Neutral Fixed,0.0031760338688582076
2023-11-27,Tail-Risk-Aware Sector-Neutral Fixed,-0.0012973487634678643
2023-11-28,Tail-Risk-Aware Sector-Neutral Fixed,-0.003360364259861867
2023-11-29,Tail-Risk-Aware Sector-Neutral Fixed,0.0008873008752648523
2023-11-30,Tail-Risk-Aware Sector-Neutral Fixed,0.01021387249313133
2023-12-01,Tail-Risk-Aware Sector-Neutral Fixed,0.005974709188489849
2023-12-04,Tail-Risk-Aware Sector-Neutral Fixed,0.002476215139517283
2023-12-05,Tail-Risk-Aware Sector-Neutral Fixed,-0.00014941884320763665
2023-12-06,Tail-Risk-Aware Sector-Neutral Fixed,-0.0023094821581822024
2023-12-07,Tail-Risk-Aware Sector-Neutral Fixed,0.0013284474997905102
2023-12-08,Tail-Risk-Aware Sector-Neutral Fixed,0.001692423611036789
2023-12-11,Tail-Risk-Aware Sector-Neutral Fixed,0.009165466997578793
2023-12-12,Tail-Risk-Aware Sector-Neutral Fixed,0.004618602341567283
2023-12-13,Tail-Risk-Aware Sector-Neutral Fixed,0.016645490514525622
2023-12-14,Tail-Risk-Aware Sector-Neutral Fixed,0.0018688533931542845
2023-12-15,Tail-Risk-Aware Sector-Neutral Fixed,-0.005435231202233104
2023-12-18,Tail-Risk-Aware Sector-Neutral Fixed,0.001266184914794707
2023-12-19,Tail-Risk-Aware Sector-Neutral Fixed,0.0037899058504422974
2023-12-20,Tail-Risk-Aware Sector-Neutral Fixed,-0.01424911675213696
2023-12-21,Tail-Risk-Aware Sector-Neutral Fixed,0.008440985451881187
2023-12-22,Tail-Risk-Aware Sector-Neutral Fixed,0.005499591163333402
2023-12-26,Tail-Risk-Aware Sector-Neutral Fixed,0.004205718076040442
2023-12-27,Tail-Risk-Aware Sector-Neutral Fixed,0.0029506962072914592
2023-12-28,Tail-Risk-Aware Sector-Neutral Fixed,0.0015432033440179222
2023-12-29,Tail-Risk-Aware Sector-Neutral Fixed,-0.00044008795765315017
2023-01-03,Tail-Risk-Aware Sector-Neutral Tuned,-2.8197711199127356e-05
2023-01-04,Tail-Risk-Aware Sector-Neutral Tuned,0.008502889569874888
2023-01-05,Tail-Risk-Aware Sector-Neutral Tuned,5.541737878052798e-05
2023-01-06,Tail-Risk-Aware Sector-Neutral Tuned,0.016274724499803453
2023-01-09,Tail-Risk-Aware Sector-Neutral Tuned,-0.014997494300331838
2023-01-10,Tail-Risk-Aware Sector-Neutral Tuned,0.0019271724515412959
2023-01-11,Tail-Risk-Aware Sector-Neutral Tuned,0.001285756680877577
2023-01-12,Tail-Risk-Aware Sector-Neutral Tuned,-0.00447081325183948
2023-01-13,Tail-Risk-Aware Sector-Neutral Tuned,0.002571769032707284
2023-01-17,Tail-Risk-Aware Sector-Neutral Tuned,-0.005282975851322947
2023-01-18,Tail-Risk-Aware Sector-Neutral Tuned,-0.01785065737263117
2023-01-19,Tail-Risk-Aware Sector-Neutral Tuned,-0.0027095449207960843
2023-01-20,Tail-Risk-Aware Sector-Neutral Tuned,0.009118130601395241
2023-01-23,Tail-Risk-Aware Sector-Neutral Tuned,0.0019260158336605175
2023-01-24,Tail-Risk-Aware Sector-Neutral Tuned,-0.0019441250223168527
2023-01-25,Tail-Risk-Aware Sector-Neutral Tuned,-0.0018170099504230533
2023-01-26,Tail-Risk-Aware Sector-Neutral Tuned,0.0013461284672050076
2023-01-27,Tail-Risk-Aware Sector-Neutral Tuned,-0.005862315685753409
2023-01-30,Tail-Risk-Aware Sector-Neutral Tuned,-0.004781976166164981
2023-01-31,Tail-Risk-Aware Sector-Neutral Tuned,0.006914595866545958
2023-02-01,Tail-Risk-Aware Sector-Neutral Tuned,-0.022578636792029483
2023-02-02,Tail-Risk-Aware Sector-Neutral Tuned,-0.008816900152863235
2023-02-03,Tail-Risk-Aware Sector-Neutral Tuned,-0.009083757856766763
2023-02-06,Tail-Risk-Aware Sector-Neutral Tuned,-0.003207073087011048
2023-02-07,Tail-Risk-Aware Sector-Neutral Tuned,0.0059082899011606805
2023-02-08,Tail-Risk-Aware Sector-Neutral Tuned,-0.00973868888849963
2023-02-09,Tail-Risk-Aware Sector-Neutral Tuned,-0.0018708974166008149
2023-02-10,Tail-Risk-Aware Sector-Neutral Tuned,0.011901743628949997
2023-02-13,Tail-Risk-Aware Sector-Neutral Tuned,0.00747151344755071
2023-02-14,Tail-Risk-Aware Sector-Neutral Tuned,-0.007623542262075882
2023-02-15,Tail-Risk-Aware Sector-Neutral Tuned,0.0005404009739489525
2023-02-16,Tail-Risk-Aware Sector-Neutral Tuned,-0.01401446804608544
2023-02-17,Tail-Risk-Aware Sector-Neutral Tuned,0.012766425128223959
2023-02-21,Tail-Risk-Aware Sector-Neutral Tuned,-0.0051801979057463955
2023-02-22,Tail-Risk-Aware Sector-Neutral Tuned,-0.005730496213111922
2023-02-23,Tail-Risk-Aware Sector-Neutral Tuned,0.0019452556585394304
2023-02-24,Tail-Risk-Aware Sector-Neutral Tuned,-0.008872132895629627
2023-02-27,Tail-Risk-Aware Sector-Neutral Tuned,0.0009561595308326248
2023-02-28,Tail-Risk-Aware Sector-Neutral Tuned,-0.008307374990339879
2023-03-01,Tail-Risk-Aware Sector-Neutral Tuned,0.002496420871069311
2023-03-02,Tail-Risk-Aware Sector-Neutral Tuned,0.004173998400625156
2023-03-03,Tail-Risk-Aware Sector-Neutral Tuned,0.004187073025614648
2023-03-06,Tail-Risk-Aware Sector-Neutral Tuned,0.00269265557160741
2023-03-07,Tail-Risk-Aware Sector-Neutral Tuned,-0.014961462743200477
2023-03-08,Tail-Risk-Aware Sector-Neutral Tuned,-0.002572619079164671
2023-03-09,Tail-Risk-Aware Sector-Neutral Tuned,-0.012802343139084217
2023-03-10,Tail-Risk-Aware Sector-Neutral Tuned,-0.0008251915788547301
2023-03-13,Tail-Risk-Aware Sector-Neutral Tuned,0.012606919897952812
2023-03-14,Tail-Risk-Aware Sector-Neutral Tuned,0.001709096541992754
2023-03-15,Tail-Risk-Aware Sector-Neutral Tuned,0.005803767000874257
2023-03-16,Tail-Risk-Aware Sector-Neutral Tuned,0.0013794235987745307
2023-03-17,Tail-Risk-Aware Sector-Neutral Tuned,-0.012381704102262412
2023-03-20,Tail-Risk-Aware Sector-Neutral Tuned,0.015028938654532604
2023-03-21,Tail-Risk-Aware Sector-Neutral Tuned,-0.002547659369479223
2023-03-22,Tail-Risk-Aware Sector-Neutral Tuned,-0.015226734412919047
2023-03-23,Tail-Risk-Aware Sector-Neutral Tuned,0.007059126435197471
2023-03-24,Tail-Risk-Aware Sector-Neutral Tuned,0.017727370299483253
2023-03-27,Tail-Risk-Aware Sector-Neutral Tuned,0.0014482277480126413
2023-03-28,Tail-Risk-Aware Sector-Neutral Tuned,0.0023311834519316598
2023-03-29,Tail-Risk-Aware Sector-Neutral Tuned,0.00965291096242037
2023-03-30,Tail-Risk-Aware Sector-Neutral Tuned,0.0032170953173602367
2023-03-31,Tail-Risk-Aware Sector-Neutral Tuned,0.006109618329038253
2023-04-03,Tail-Risk-Aware Sector-Neutral Tuned,0.010621450758509626
2023-04-04,Tail-Risk-Aware Sector-Neutral Tuned,0.007071307646517242
2023-04-05,Tail-Risk-Aware Sector-Neutral Tuned,0.01553883334133945
2023-04-06,Tail-Risk-Aware Sector-Neutral Tuned,-0.0005181789757780515
2023-04-10,Tail-Risk-Aware Sector-Neutral Tuned,-0.0019303737583596322
2023-04-11,Tail-Risk-Aware Sector-Neutral Tuned,-0.00035234676851429676
2023-04-12,Tail-Risk-Aware Sector-Neutral Tuned,0.0005977053858358696
2023-04-13,Tail-Risk-Aware Sector-Neutral Tuned,0.009580844229280771
2023-04-14,Tail-Risk-Aware Sector-Neutral Tuned,-0.0039818103909732925
2023-04-17,Tail-Risk-Aware Sector-Neutral Tuned,-0.00015389519493279533
2023-04-18,Tail-Risk-Aware Sector-Neutral Tuned,-0.0019196845324341055
2023-04-19,Tail-Risk-Aware Sector-Neutral Tuned,-0.0010039927507783238
2023-04-20,Tail-Risk-Aware Sector-Neutral Tuned,-0.005065159372996934
2023-04-21,Tail-Risk-Aware Sector-Neutral Tuned,0.0047298098896297585
2023-04-24,Tail-Risk-Aware Sector-Neutral Tuned,0.0013565311269690846
2023-04-25,Tail-Risk-Aware Sector-Neutral Tuned,5.788214149131512e-06
2023-04-26,Tail-Risk-Aware Sector-Neutral Tuned,-0.020056478551943
2023-04-27,Tail-Risk-Aware Sector-Neutral Tuned,0.008488919613923675
2023-04-28,Tail-Risk-Aware Sector-Neutral Tuned,0.003395948961372688
2023-05-01,Tail-Risk-Aware Sector-Neutral Tuned,0.0002724717643018373
2023-05-02,Tail-Risk-Aware Sector-Neutral Tuned,-0.0033139018199921525
2023-05-03,Tail-Risk-Aware Sector-Neutral Tuned,-0.0046962937808984985
2023-05-04,Tail-Risk-Aware Sector-Neutral Tuned,-0.001564072089573193
2023-05-05,Tail-Risk-Aware Sector-Neutral Tuned,0.009701681007134297
2023-05-08,Tail-Risk-Aware Sector-Neutral Tuned,0.0009111634023979034
2023-05-09,Tail-Risk-Aware Sector-Neutral Tuned,-0.006084088755697164
2023-05-10,Tail-Risk-Aware Sector-Neutral Tuned,0.0018389632249998162
2023-05-11,Tail-Risk-Aware Sector-Neutral Tuned,-0.0022343199295820847
2023-05-12,Tail-Risk-Aware Sector-Neutral Tuned,9.357643321913011e-05
2023-05-15,Tail-Risk-Aware Sector-Neutral Tuned,-0.0030482762908570745
2023-05-16,Tail-Risk-Aware Sector-Neutral Tuned,-0.012989543155905874
2023-05-17,Tail-Risk-Aware Sector-Neutral Tuned,-0.0018355447552724359
2023-05-18,Tail-Risk-Aware Sector-Neutral Tuned,-4.064068763405277e-05
2023-05-19,Tail-Risk-Aware Sector-Neutral Tuned,0.0031867950612333574
2023-05-22,Tail-Risk-Aware Sector-Neutral Tuned,-0.007268244833357656
2023-05-23,Tail-Risk-Aware Sector-Neutral Tuned,-0.004009492971362804
2023-05-24,Tail-Risk-Aware Sector-Neutral Tuned,-0.005623547093314878
2023-05-25,Tail-Risk-Aware Sector-Neutral Tuned,-0.009259939128563677
2023-05-26,Tail-Risk-Aware Sector-Neutral Tuned,0.0002827540166775119
2023-05-30,Tail-Risk-Aware Sector-Neutral Tuned,-0.006912078560078069
2023-05-31,Tail-Risk-Aware Sector-Neutral Tuned,0.005410071207259655
2023-06-01,Tail-Risk-Aware Sector-Neutral Tuned,-0.007731044639994036
2023-06-02,Tail-Risk-Aware Sector-Neutral Tuned,0.014256986656006524
2023-06-05,Tail-Risk-Aware Sector-Neutral Tuned,0.0007804725214175608
2023-06-06,Tail-Risk-Aware Sector-Neutral Tuned,-0.003732084155531589
2023-06-07,Tail-Risk-Aware Sector-Neutral Tuned,0.0037087813576047717
2023-06-08,Tail-Risk-Aware Sector-Neutral Tuned,0.0019804739322723643
2023-06-09,Tail-Risk-Aware Sector-Neutral Tuned,-0.0019069948485939715
2023-06-12,Tail-Risk-Aware Sector-Neutral Tuned,-0.003706427983276537
2023-06-13,Tail-Risk-Aware Sector-Neutral Tuned,0.007809308287680748
2023-06-14,Tail-Risk-Aware Sector-Neutral Tuned,0.0008385719069118158
2023-06-15,Tail-Risk-Aware Sector-Neutral Tuned,0.011667169883791139
2023-06-16,Tail-Risk-Aware Sector-Neutral Tuned,0.006070615501239874
2023-06-20,Tail-Risk-Aware Sector-Neutral Tuned,-0.009773248048363964
2023-06-21,Tail-Risk-Aware Sector-Neutral Tuned,-0.0042948141411124794
2023-06-22,Tail-Risk-Aware Sector-Neutral Tuned,0.00509657845958209
2023-06-23,Tail-Risk-Aware Sector-Neutral Tuned,-0.009604130640343588
2023-06-26,Tail-Risk-Aware Sector-Neutral Tuned,0.00197322819945784
2023-06-27,Tail-Risk-Aware Sector-Neutral Tuned,0.0004546605839276152
2023-06-28,Tail-Risk-Aware Sector-Neutral Tuned,-0.005119371395855969
2023-06-29,Tail-Risk-Aware Sector-Neutral Tuned,-0.0016767071974309235
2023-06-30,Tail-Risk-Aware Sector-Neutral Tuned,0.0026171479486507667
2023-07-03,Tail-Risk-Aware Sector-Neutral Tuned,0.003598403031533862
2023-07-05,Tail-Risk-Aware Sector-Neutral Tuned,0.0022952617389753456
2023-07-06,Tail-Risk-Aware Sector-Neutral Tuned,-0.008424497308994815
2023-07-07,Tail-Risk-Aware Sector-Neutral Tuned,-0.013253304815931803
2023-07-10,Tail-Risk-Aware Sector-Neutral Tuned,0.0002761484768855966
2023-07-11,Tail-Risk-Aware Sector-Neutral Tuned,0.010269836080521986
2023-07-12,Tail-Risk-Aware Sector-Neutral Tuned,-0.0027785408155741476
2023-07-13,Tail-Risk-Aware Sector-Neutral Tuned,0.0029186983777325076
2023-07-14,Tail-Risk-Aware Sector-Neutral Tuned,0.0036658294646243804
2023-07-17,Tail-Risk-Aware Sector-Neutral Tuned,-0.004505717781122066
2023-07-18,Tail-Risk-Aware Sector-Neutral Tuned,0.000865818671023448
2023-07-19,Tail-Risk-Aware Sector-Neutral Tuned,0.007984081329974963
2023-07-20,Tail-Risk-Aware Sector-Neutral Tuned,0.014591573987226283
2023-07-21,Tail-Risk-Aware Sector-Neutral Tuned,0.005459313267840419
2023-07-24,Tail-Risk-Aware Sector-Neutral Tuned,0.0007357318331897111
2023-07-25,Tail-Risk-Aware Sector-Neutral Tuned,-0.0025812834910833434
2023-07-26,Tail-Risk-Aware Sector-Neutral Tuned,0.003873014369299607
2023-07-27,Tail-Risk-Aware Sector-Neutral Tuned,-0.008051460726277968
2023-07-28,Tail-Risk-Aware Sector-Neutral Tuned,0.001981412085852313
2023-07-31,Tail-Risk-Aware Sector-Neutral Tuned,-0.004862435348068133
2023-08-01,Tail-Risk-Aware Sector-Neutral Tuned,-0.0055096865025034
2023-08-02,Tail-Risk-Aware Sector-Neutral Tuned,-0.006940966841018908
2023-08-03,Tail-Risk-Aware Sector-Neutral Tuned,-0.00637044609757038
2023-08-04,Tail-Risk-Aware Sector-Neutral Tuned,-0.0041219198060233634
2023-08-07,Tail-Risk-Aware Sector-Neutral Tuned,0.012820607802287545
2023-08-08,Tail-Risk-Aware Sector-Neutral Tuned,-0.002862116298342386
2023-08-09,Tail-Risk-Aware Sector-Neutral Tuned,0.003285311168837798
2023-08-10,Tail-Risk-Aware Sector-Neutral Tuned,-0.0014671797489443775
2023-08-11,Tail-Risk-Aware Sector-Neutral Tuned,0.005707021754950608
2023-08-14,Tail-Risk-Aware Sector-Neutral Tuned,-0.0018176593494049803
2023-08-15,Tail-Risk-Aware Sector-Neutral Tuned,-0.005744161600008567
2023-08-16,Tail-Risk-Aware Sector-Neutral Tuned,-0.0030535764380481677
2023-08-17,Tail-Risk-Aware Sector-Neutral Tuned,-0.007945157073200385
2023-08-18,Tail-Risk-Aware Sector-Neutral Tuned,0.004387303771239944
2023-08-21,Tail-Risk-Aware Sector-Neutral Tuned,-0.0029183908769915673
2023-08-22,Tail-Risk-Aware Sector-Neutral Tuned,-0.00501690454109022
2023-08-23,Tail-Risk-Aware Sector-Neutral Tuned,0.0076091462297310074
2023-08-24,Tail-Risk-Aware Sector-Neutral Tuned,-0.008798260987327894
2023-08-25,Tail-Risk-Aware Sector-Neutral Tuned,0.00235992341436788
2023-08-28,Tail-Risk-Aware Sector-Neutral Tuned,0.004218192449917863
2023-08-29,Tail-Risk-Aware Sector-Neutral Tuned,0.006658007853070764
2023-08-30,Tail-Risk-Aware Sector-Neutral Tuned,0.0026555241019920383
2023-08-31,Tail-Risk-Aware Sector-Neutral Tuned,-0.0032135383342248025
2023-09-01,Tail-Risk-Aware Sector-Neutral Tuned,0.0004191914835569273
2023-09-05,Tail-Risk-Aware Sector-Neutral Tuned,-0.0074438058482377365
2023-09-06,Tail-Risk-Aware Sector-Neutral Tuned,-0.0012299893950043052
2023-09-07,Tail-Risk-Aware Sector-Neutral Tuned,0.012646656194183061
2023-09-08,Tail-Risk-Aware Sector-Neutral Tuned,0.0037460091822406876
2023-09-11,Tail-Risk-Aware Sector-Neutral Tuned,0.003945062741079978
2023-09-12,Tail-Risk-Aware Sector-Neutral Tuned,-0.00032994212020485833
2023-09-13,Tail-Risk-Aware Sector-Neutral Tuned,0.0017618046379496853
2023-09-14,Tail-Risk-Aware Sector-Neutral Tuned,0.010070702038082083
2023-09-15,Tail-Risk-Aware Sector-Neutral Tuned,-0.0076355230881966895
2023-09-18,Tail-Risk-Aware Sector-Neutral Tuned,-0.0013166554349320386
2023-09-19,Tail-Risk-Aware Sector-Neutral Tuned,0.0004566226337515642
2023-09-20,Tail-Risk-Aware Sector-Neutral Tuned,0.002941890560930327
2023-09-21,Tail-Risk-Aware Sector-Neutral Tuned,-0.012583723588168616
2023-09-22,Tail-Risk-Aware Sector-Neutral Tuned,-0.00010609670557304484
2023-09-25,Tail-Risk-Aware Sector-Neutral Tuned,0.004261993598278085
2023-09-26,Tail-Risk-Aware Sector-Neutral Tuned,-0.003350954640507319
2023-09-27,Tail-Risk-Aware Sector-Neutral Tuned,-0.0019308612713734832
2023-09-28,Tail-Risk-Aware Sector-Neutral Tuned,0.0033157161863439843
2023-09-29,Tail-Risk-Aware Sector-Neutral Tuned,-0.01056476758877891
2023-10-02,Tail-Risk-Aware Sector-Neutral Tuned,-0.008423332297223453
2023-10-03,Tail-Risk-Aware Sector-Neutral Tuned,-0.007575987034072648
2023-10-04,Tail-Risk-Aware Sector-Neutral Tuned,0.004038731994408356
2023-10-05,Tail-Risk-Aware Sector-Neutral Tuned,-0.014920401243526537
2023-10-06,Tail-Risk-Aware Sector-Neutral Tuned,0.01126940228811207
2023-10-09,Tail-Risk-Aware Sector-Neutral Tuned,0.005096225756763668
2023-10-10,Tail-Risk-Aware Sector-Neutral Tuned,0.01117335192595396
2023-10-11,Tail-Risk-Aware Sector-Neutral Tuned,0.000969867840012664
2023-10-12,Tail-Risk-Aware Sector-Neutral Tuned,-0.004826830140885501
2023-10-13,Tail-Risk-Aware Sector-Neutral Tuned,0.0023288277467303354
2023-10-16,Tail-Risk-Aware Sector-Neutral Tuned,0.004863767901236559
2023-10-17,Tail-Risk-Aware Sector-Neutral Tuned,0.0062607880276389655
2023-10-18,Tail-Risk-Aware Sector-Neutral Tuned,-0.0069687149324826145
2023-10-19,Tail-Risk-Aware Sector-Neutral Tuned,-0.007398608685284774
2023-10-20,Tail-Risk-Aware Sector-Neutral Tuned,0.0032440442435587276
2023-10-23,Tail-Risk-Aware Sector-Neutral Tuned,-0.0069422485449782195
2023-10-24,Tail-Risk-Aware Sector-Neutral Tuned,0.014625372411910859
2023-10-25,Tail-Risk-Aware Sector-Neutral Tuned,-2.0475464859116745e-06
2023-10-26,Tail-Risk-Aware Sector-Neutral Tuned,-0.0032193684649060254
2023-10-27,Tail-Risk-Aware Sector-Neutral Tuned,-0.015234405921605212
2023-10-30,Tail-Risk-Aware Sector-Neutral Tuned,0.0011222299468352781
2023-10-31,Tail-Risk-Aware Sector-Neutral Tuned,0.008253608622241875
2023-11-01,Tail-Risk-Aware Sector-Neutral Tuned,0.00159485596508161
2023-11-02,Tail-Risk-Aware Sector-Neutral Tuned,0.01532137443770569
2023-11-03,Tail-Risk-Aware Sector-Neutral Tuned,0.0024527847050734475
2023-11-06,Tail-Risk-Aware Sector-Neutral Tuned,0.002073980833947996
2023-11-07,Tail-Risk-Aware Sector-Neutral Tuned,-0.0011466855756792995
2023-11-08,Tail-Risk-Aware Sector-Neutral Tuned,0.0013055368913720508
2023-11-09,Tail-Risk-Aware Sector-Neutral Tuned,-0.009826825281310084
2023-11-10,Tail-Risk-Aware Sector-Neutral Tuned,0.0010335615939224046
2023-11-13,Tail-Risk-Aware Sector-Neutral Tuned,0.003452805683395354
2023-11-14,Tail-Risk-Aware Sector-Neutral Tuned,0.007856534354558804
2023-11-15,Tail-Risk-Aware Sector-Neutral Tuned,-0.00014254290102180454
2023-11-16,Tail-Risk-Aware Sector-Neutral Tuned,0.0006156303396965497
2023-11-17,Tail-Risk-Aware Sector-Neutral Tuned,0.0011148516880396448
2023-11-20,Tail-Risk-Aware Sector-Neutral Tuned,0.005243213191085564
2023-11-21,Tail-Risk-Aware Sector-Neutral Tuned,0.004253670259858096
2023-11-22,Tail-Risk-Aware Sector-Neutral Tuned,0.0013584675472542358
2023-11-24,Tail-Risk-Aware Sector-Neutral Tuned,0.0031760338688582076
2023-11-27,Tail-Risk-Aware Sector-Neutral Tuned,-0.0012973487634678643
2023-11-28,Tail-Risk-Aware Sector-Neutral Tuned,-0.003360364259861867
2023-11-29,Tail-Risk-Aware Sector-Neutral Tuned,0.0008873008752648523
2023-11-30,Tail-Risk-Aware Sector-Neutral Tuned,0.01021387249313133
2023-12-01,Tail-Risk-Aware Sector-Neutral Tuned,0.005974709188489849
2023-12-04,Tail-Risk-Aware Sector-Neutral Tuned,0.002476215139517283
2023-12-05,Tail-Risk-Aware Sector-Neutral Tuned,-0.00014941884320763665
2023-12-06,Tail-Risk-Aware Sector-Neutral Tuned,-0.0023094821581822024
2023-12-07,Tail-Risk-Aware Sector-Neutral Tuned,0.0013284474997905102
2023-12-08,Tail-Risk-Aware Sector-Neutral Tuned,0.001692423611036789
2023-12-11,Tail-Risk-Aware Sector-Neutral Tuned,0.009165466997578793
2023-12-12,Tail-Risk-Aware Sector-Neutral Tuned,0.004618602341567283
2023-12-13,Tail-Risk-Aware Sector-Neutral Tuned,0.016645490514525622
2023-12-14,Tail-Risk-Aware Sector-Neutral Tuned,0.0018688533931542845
2023-12-15,Tail-Risk-Aware Sector-Neutral Tuned,-0.005435231202233104
2023-12-18,Tail-Risk-Aware Sector-Neutral Tuned,0.001266184914794707
2023-12-19,Tail-Risk-Aware Sector-Neutral Tuned,0.0037899058504422974
2023-12-20,Tail-Risk-Aware Sector-Neutral Tuned,-0.01424911675213696
2023-12-21,Tail-Risk-Aware Sector-Neutral Tuned,0.008440985451881187
2023-12-22,Tail-Risk-Aware Sector-Neutral Tuned,0.005499591163333402
2023-12-26,Tail-Risk-Aware Sector-Neutral Tuned,0.004205718076040442
2023-12-27,Tail-Risk-Aware Sector-Neutral Tuned,0.0029506962072914592
2023-12-28,Tail-Risk-Aware Sector-Neutral Tuned,0.0015432033440179222
2023-12-29,Tail-Risk-Aware Sector-Neutral Tuned,-0.00044008795765315017
