decision_date,effective_date,fund,profile,fund_type,turnover
2020-12-31,2021-01-04,balanced_adaptive,balanced,adaptive,
2021-01-29,2021-02-01,balanced_adaptive,balanced,adaptive,0.1668720643418145
2021-02-26,2021-03-01,balanced_adaptive,balanced,adaptive,0.0918048766021969
2021-03-31,2021-04-01,balanced_adaptive,balanced,adaptive,0.5174394829796732
2021-04-30,2021-05-03,balanced_adaptive,balanced,adaptive,0.2147228869521806
2021-05-28,2021-06-01,balanced_adaptive,balanced,adaptive,0.24917650427507823
2021-06-30,2021-07-01,balanced_adaptive,balanced,adaptive,0.31404563399755486
2021-07-30,2021-08-02,balanced_adaptive,balanced,adaptive,0.10205433423578342
2021-08-31,2021-09-01,balanced_adaptive,balanced,adaptive,0.02870697467853481
2021-09-30,2021-10-01,balanced_adaptive,balanced,adaptive,0.31409663827230677
2021-10-29,2021-11-01,balanced_adaptive,balanced,adaptive,0.2935185573670853
2021-11-30,2021-12-01,balanced_adaptive,balanced,adaptive,0.3534538109663506
2021-12-31,2022-01-03,balanced_adaptive,balanced,adaptive,0.11870454809595568
2022-01-31,2022-02-01,balanced_adaptive,balanced,adaptive,0.3133481517125372
2022-02-28,2022-03-01,balanced_adaptive,balanced,adaptive,0.48603398097383627
2022-03-31,2022-04-01,balanced_adaptive,balanced,adaptive,0.40500496409795156
2022-04-29,2022-05-02,balanced_adaptive,balanced,adaptive,0.34853156964465526
2022-05-31,2022-06-01,balanced_adaptive,balanced,adaptive,0.2883142489477609
2022-06-30,2022-07-01,balanced_adaptive,balanced,adaptive,0.4284836682265975
2022-07-29,2022-08-01,balanced_adaptive,balanced,adaptive,0.06865703427029389
2022-08-31,2022-09-01,balanced_adaptive,balanced,adaptive,0.1810237813154221
2022-09-30,2022-10-03,balanced_adaptive,balanced,adaptive,0.3916878417997655
2022-10-31,2022-11-01,balanced_adaptive,balanced,adaptive,0.15452214096281175
2022-11-30,2022-12-01,balanced_adaptive,balanced,adaptive,0.28294316009410037
2022-12-30,2023-01-03,balanced_adaptive,balanced,adaptive,0.21942717229627404
2023-01-31,2023-02-01,balanced_adaptive,balanced,adaptive,0.16496904906481147
2023-02-28,2023-03-01,balanced_adaptive,balanced,adaptive,0.214556086155103
2023-03-31,2023-04-03,balanced_adaptive,balanced,adaptive,0.14282513588007112
2023-04-28,2023-05-01,balanced_adaptive,balanced,adaptive,0.20643678569677867
2023-05-31,2023-06-01,balanced_adaptive,balanced,adaptive,0.3756675188708822
2023-06-30,2023-07-03,balanced_adaptive,balanced,adaptive,0.2227490423776707
2023-07-31,2023-08-01,balanced_adaptive,balanced,adaptive,0.14075933162606097
2023-08-31,2023-09-01,balanced_adaptive,balanced,adaptive,0.41105785062089384
2023-09-29,2023-10-02,balanced_adaptive,balanced,adaptive,0.34212050670557015
2023-10-31,2023-11-01,balanced_adaptive,balanced,adaptive,0.30333866917175883
2023-11-30,2023-12-01,balanced_adaptive,balanced,adaptive,0.2082964853446983
2020-12-31,2021-01-04,balanced_fixed,balanced,fixed,
2021-01-29,2021-02-01,balanced_fixed,balanced,fixed,0.18357171239783315
2021-02-26,2021-03-01,balanced_fixed,balanced,fixed,0.1246098413754171
2021-03-31,2021-04-01,balanced_fixed,balanced,fixed,0.4828318549909891
2021-04-30,2021-05-03,balanced_fixed,balanced,fixed,0.2159318971337825
2021-05-28,2021-06-01,balanced_fixed,balanced,fixed,0.262622984957589
2021-06-30,2021-07-01,balanced_fixed,balanced,fixed,0.30033247416640974
2021-07-30,2021-08-02,balanced_fixed,balanced,fixed,0.07291307072380697
2021-08-31,2021-09-01,balanced_fixed,balanced,fixed,0.054108497204084345
2021-09-30,2021-10-01,balanced_fixed,balanced,fixed,0.28127122524081893
2021-10-29,2021-11-01,balanced_fixed,balanced,fixed,0.27198582043459446
2021-11-30,2021-12-01,balanced_fixed,balanced,fixed,0.32384244581946675
2021-12-31,2022-01-03,balanced_fixed,balanced,fixed,0.14042063112312542
2022-01-31,2022-02-01,balanced_fixed,balanced,fixed,0.3070802779755595
2022-02-28,2022-03-01,balanced_fixed,balanced,fixed,0.46201645340725933
2022-03-31,2022-04-01,balanced_fixed,balanced,fixed,0.3788249057445024
2022-04-29,2022-05-02,balanced_fixed,balanced,fixed,0.3426282779853521
2022-05-31,2022-06-01,balanced_fixed,balanced,fixed,0.2991434010214816
2022-06-30,2022-07-01,balanced_fixed,balanced,fixed,0.4188366480149008
2022-07-29,2022-08-01,balanced_fixed,balanced,fixed,0.05623546794650999
2022-08-31,2022-09-01,balanced_fixed,balanced,fixed,0.152184767552368
2022-09-30,2022-10-03,balanced_fixed,balanced,fixed,0.3480339633806194
2022-10-31,2022-11-01,balanced_fixed,balanced,fixed,0.11830722807141426
2022-11-30,2022-12-01,balanced_fixed,balanced,fixed,0.27866918884175756
2022-12-30,2023-01-03,balanced_fixed,balanced,fixed,0.22304940903257595
2023-01-31,2023-02-01,balanced_fixed,balanced,fixed,0.15719113150284017
2023-02-28,2023-03-01,balanced_fixed,balanced,fixed,0.2065353821231758
2023-03-31,2023-04-03,balanced_fixed,balanced,fixed,0.14174968843091573
2023-04-28,2023-05-01,balanced_fixed,balanced,fixed,0.20500431457831927
2023-05-31,2023-06-01,balanced_fixed,balanced,fixed,0.37146727572332466
2023-06-30,2023-07-03,balanced_fixed,balanced,fixed,0.22067612313511803
2023-07-31,2023-08-01,balanced_fixed,balanced,fixed,0.1340564850752014
2023-08-31,2023-09-01,balanced_fixed,balanced,fixed,0.4141533319681293
2023-09-29,2023-10-02,balanced_fixed,balanced,fixed,0.33559546327409967
2023-10-31,2023-11-01,balanced_fixed,balanced,fixed,0.3003389228954134
2023-11-30,2023-12-01,balanced_fixed,balanced,fixed,0.2082912258001612
2020-12-31,2021-01-04,conservative_adaptive,conservative,adaptive,
2021-01-29,2021-02-01,conservative_adaptive,conservative,adaptive,0.13804763768141123
2021-02-26,2021-03-01,conservative_adaptive,conservative,adaptive,0.07531175804567311
2021-03-31,2021-04-01,conservative_adaptive,conservative,adaptive,0.5441985133671627
2021-04-30,2021-05-03,conservative_adaptive,conservative,adaptive,0.22692279829736328
2021-05-28,2021-06-01,conservative_adaptive,conservative,adaptive,0.24378371580635175
2021-06-30,2021-07-01,conservative_adaptive,conservative,adaptive,0.32215257042724665
2021-07-30,2021-08-02,conservative_adaptive,conservative,adaptive,0.09673609902325528
2021-08-31,2021-09-01,conservative_adaptive,conservative,adaptive,0.03214576936776902
2021-09-30,2021-10-01,conservative_adaptive,conservative,adaptive,0.33794418588523556
2021-10-29,2021-11-01,conservative_adaptive,conservative,adaptive,0.30881200121158825
2021-11-30,2021-12-01,conservative_adaptive,conservative,adaptive,0.35569296400966954
2021-12-31,2022-01-03,conservative_adaptive,conservative,adaptive,0.12536381168591937
2022-01-31,2022-02-01,conservative_adaptive,conservative,adaptive,0.3182538685386788
2022-02-28,2022-03-01,conservative_adaptive,conservative,adaptive,0.5261084488048049
2022-03-31,2022-04-01,conservative_adaptive,conservative,adaptive,0.44321314155713715
2022-04-29,2022-05-02,conservative_adaptive,conservative,adaptive,0.3662015708959321
2022-05-31,2022-06-01,conservative_adaptive,conservative,adaptive,0.29893376312903064
2022-06-30,2022-07-01,conservative_adaptive,conservative,adaptive,0.4327276108558396
2022-07-29,2022-08-01,conservative_adaptive,conservative,adaptive,0.067956527194855
2022-08-31,2022-09-01,conservative_adaptive,conservative,adaptive,0.1762348786824385
2022-09-30,2022-10-03,conservative_adaptive,conservative,adaptive,0.4129593045274865
2022-10-31,2022-11-01,conservative_adaptive,conservative,adaptive,0.15266587982526783
2022-11-30,2022-12-01,conservative_adaptive,conservative,adaptive,0.2915521155094037
2022-12-30,2023-01-03,conservative_adaptive,conservative,adaptive,0.2209193364421343
2023-01-31,2023-02-01,conservative_adaptive,conservative,adaptive,0.17748985355876823
2023-02-28,2023-03-01,conservative_adaptive,conservative,adaptive,0.23170723991299635
2023-03-31,2023-04-03,conservative_adaptive,conservative,adaptive,0.15025053585959736
2023-04-28,2023-05-01,conservative_adaptive,conservative,adaptive,0.21610772790753396
2023-05-31,2023-06-01,conservative_adaptive,conservative,adaptive,0.40483841889767785
2023-06-30,2023-07-03,conservative_adaptive,conservative,adaptive,0.23727562518482673
2023-07-31,2023-08-01,conservative_adaptive,conservative,adaptive,0.14337044390207007
2023-08-31,2023-09-01,conservative_adaptive,conservative,adaptive,0.40364452088720315
2023-09-29,2023-10-02,conservative_adaptive,conservative,adaptive,0.37335508314179067
2023-10-31,2023-11-01,conservative_adaptive,conservative,adaptive,0.33882634191477967
2023-11-30,2023-12-01,conservative_adaptive,conservative,adaptive,0.21344178845106082
2020-12-31,2021-01-04,conservative_fixed,conservative,fixed,
2021-01-29,2021-02-01,conservative_fixed,conservative,fixed,0.15779137212676464
2021-02-26,2021-03-01,conservative_fixed,conservative,fixed,0.09842486031439818
2021-03-31,2021-04-01,conservative_fixed,conservative,fixed,0.516785529437449
2021-04-30,2021-05-03,conservative_fixed,conservative,fixed,0.22418223413376598
2021-05-28,2021-06-01,conservative_fixed,conservative,fixed,0.2412201189284086
2021-06-30,2021-07-01,conservative_fixed,conservative,fixed,0.3130267218912635
2021-07-30,2021-08-02,conservative_fixed,conservative,fixed,0.07793440578396721
2021-08-31,2021-09-01,conservative_fixed,conservative,fixed,0.032062761113493335
2021-09-30,2021-10-01,conservative_fixed,conservative,fixed,0.3072022729411106
2021-10-29,2021-11-01,conservative_fixed,conservative,fixed,0.2947058865488155
2021-11-30,2021-12-01,conservative_fixed,conservative,fixed,0.33594940582697536
2021-12-31,2022-01-03,conservative_fixed,conservative,fixed,0.1340001882712196
2022-01-31,2022-02-01,conservative_fixed,conservative,fixed,0.31493305566929436
2022-02-28,2022-03-01,conservative_fixed,conservative,fixed,0.5093656325744196
2022-03-31,2022-04-01,conservative_fixed,conservative,fixed,0.42370929590739664
2022-04-29,2022-05-02,conservative_fixed,conservative,fixed,0.36255248829416437
2022-05-31,2022-06-01,conservative_fixed,conservative,fixed,0.29612696592304766
2022-06-30,2022-07-01,conservative_fixed,conservative,fixed,0.42618429664670265
2022-07-29,2022-08-01,conservative_fixed,conservative,fixed,0.05671298032427467
2022-08-31,2022-09-01,conservative_fixed,conservative,fixed,0.15715183053066345
2022-09-30,2022-10-03,conservative_fixed,conservative,fixed,0.3824638817065518
2022-10-31,2022-11-01,conservative_fixed,conservative,fixed,0.12764679022736422
2022-11-30,2022-12-01,conservative_fixed,conservative,fixed,0.28388430963439787
2022-12-30,2023-01-03,conservative_fixed,conservative,fixed,0.2219893402130485
2023-01-31,2023-02-01,conservative_fixed,conservative,fixed,0.16607610146888444
2023-02-28,2023-03-01,conservative_fixed,conservative,fixed,0.22977764511026644
2023-03-31,2023-04-03,conservative_fixed,conservative,fixed,0.1496084381131843
2023-04-28,2023-05-01,conservative_fixed,conservative,fixed,0.21528666893022363
2023-05-31,2023-06-01,conservative_fixed,conservative,fixed,0.40230391409882665
2023-06-30,2023-07-03,conservative_fixed,conservative,fixed,0.23600433199194007
2023-07-31,2023-08-01,conservative_fixed,conservative,fixed,0.13781483353845814
2023-08-31,2023-09-01,conservative_fixed,conservative,fixed,0.40564300184226554
2023-09-29,2023-10-02,conservative_fixed,conservative,fixed,0.3670269333270597
2023-10-31,2023-11-01,conservative_fixed,conservative,fixed,0.33540288722270245
2023-11-30,2023-12-01,conservative_fixed,conservative,fixed,0.21298271212968828
2020-12-31,2021-01-04,growth_adaptive,growth,adaptive,
2021-01-29,2021-02-01,growth_adaptive,growth,adaptive,0.1942044478051855
2021-02-26,2021-03-01,growth_adaptive,growth,adaptive,0.11126064012741725
2021-03-31,2021-04-01,growth_adaptive,growth,adaptive,0.48908456151483715
2021-04-30,2021-05-03,growth_adaptive,growth,adaptive,0.20429043535986713
2021-05-28,2021-06-01,growth_adaptive,growth,adaptive,0.2625857397560326
2021-06-30,2021-07-01,growth_adaptive,growth,adaptive,0.2904551368104434
2021-07-30,2021-08-02,growth_adaptive,growth,adaptive,0.09684733881837207
2021-08-31,2021-09-01,growth_adaptive,growth,adaptive,0.02642791871033558
2021-09-30,2021-10-01,growth_adaptive,growth,adaptive,0.2917042192137263
2021-10-29,2021-11-01,growth_adaptive,growth,adaptive,0.2766018165663081
2021-11-30,2021-12-01,growth_adaptive,growth,adaptive,0.3437492550543052
2021-12-31,2022-01-03,growth_adaptive,growth,adaptive,0.11687154739605862
2022-01-31,2022-02-01,growth_adaptive,growth,adaptive,0.30355900765694976
2022-02-28,2022-03-01,growth_adaptive,growth,adaptive,0.44854653999916794
2022-03-31,2022-04-01,growth_adaptive,growth,adaptive,0.36804061488808437
2022-04-29,2022-05-02,growth_adaptive,growth,adaptive,0.32956289510832726
2022-05-31,2022-06-01,growth_adaptive,growth,adaptive,0.288714441826428
2022-06-30,2022-07-01,growth_adaptive,growth,adaptive,0.41301200571936253
2022-07-29,2022-08-01,growth_adaptive,growth,adaptive,0.05476295788705075
2022-08-31,2022-09-01,growth_adaptive,growth,adaptive,0.17677714416201415
2022-09-30,2022-10-03,growth_adaptive,growth,adaptive,0.36099404034114513
2022-10-31,2022-11-01,growth_adaptive,growth,adaptive,0.1474211908693578
2022-11-30,2022-12-01,growth_adaptive,growth,adaptive,0.2749595946575598
2022-12-30,2023-01-03,growth_adaptive,growth,adaptive,0.21812276899880248
2023-01-31,2023-02-01,growth_adaptive,growth,adaptive,0.1510815659780342
2023-02-28,2023-03-01,growth_adaptive,growth,adaptive,0.20423466922344494
2023-03-31,2023-04-03,growth_adaptive,growth,adaptive,0.13560830993175838
2023-04-28,2023-05-01,growth_adaptive,growth,adaptive,0.19423339861210212
2023-05-31,2023-06-01,growth_adaptive,growth,adaptive,0.341089843407113
2023-06-30,2023-07-03,growth_adaptive,growth,adaptive,0.21133625466585002
2023-07-31,2023-08-01,growth_adaptive,growth,adaptive,0.13467392224617702
2023-08-31,2023-09-01,growth_adaptive,growth,adaptive,0.41889410090293094
2023-09-29,2023-10-02,growth_adaptive,growth,adaptive,0.31200456801584964
2023-10-31,2023-11-01,growth_adaptive,growth,adaptive,0.26955114102735744
2023-11-30,2023-12-01,growth_adaptive,growth,adaptive,0.20359969147882964
2020-12-31,2021-01-04,growth_fixed,growth,fixed,
2021-01-29,2021-02-01,growth_fixed,growth,fixed,0.20965192778027
2021-02-26,2021-03-01,growth_fixed,growth,fixed,0.14330493866814173
2021-03-31,2021-04-01,growth_fixed,growth,fixed,0.447232793742894
2021-04-30,2021-05-03,growth_fixed,growth,fixed,0.2062746918420395
2021-05-28,2021-06-01,growth_fixed,growth,fixed,0.28409150581221854
2021-06-30,2021-07-01,growth_fixed,growth,fixed,0.2843779390172554
2021-07-30,2021-08-02,growth_fixed,growth,fixed,0.06789469754903743
2021-08-31,2021-09-01,growth_fixed,growth,fixed,0.06869431135904357
2021-09-30,2021-10-01,growth_fixed,growth,fixed,0.2545300329730717
2021-10-29,2021-11-01,growth_fixed,growth,fixed,0.24881828602949446
2021-11-30,2021-12-01,growth_fixed,growth,fixed,0.3110041614997943
2021-12-31,2022-01-03,growth_fixed,growth,fixed,0.14527670171623214
2022-01-31,2022-02-01,growth_fixed,growth,fixed,0.2972155958564892
2022-02-28,2022-03-01,growth_fixed,growth,fixed,0.41326594866362815
2022-03-31,2022-04-01,growth_fixed,growth,fixed,0.3335158893023635
2022-04-29,2022-05-02,growth_fixed,growth,fixed,0.3210942982722089
2022-05-31,2022-06-01,growth_fixed,growth,fixed,0.3007130495306639
2022-06-30,2022-07-01,growth_fixed,growth,fixed,0.40993458808905114
2022-07-29,2022-08-01,growth_fixed,growth,fixed,0.05552530044800605
2022-08-31,2022-09-01,growth_fixed,growth,fixed,0.14765599707395008
2022-09-30,2022-10-03,growth_fixed,growth,fixed,0.3132228840913505
2022-10-31,2022-11-01,growth_fixed,growth,fixed,0.10904440829050793
2022-11-30,2022-12-01,growth_fixed,growth,fixed,0.2731170315684701
2022-12-30,2023-01-03,growth_fixed,growth,fixed,0.22380257102638254
2023-01-31,2023-02-01,growth_fixed,growth,fixed,0.14785884816413786
2023-02-28,2023-03-01,growth_fixed,growth,fixed,0.1833545874930436
2023-03-31,2023-04-03,growth_fixed,growth,fixed,0.13425409971502084
2023-04-28,2023-05-01,growth_fixed,growth,fixed,0.19408955391115343
2023-05-31,2023-06-01,growth_fixed,growth,fixed,0.34149353759444734
2023-06-30,2023-07-03,growth_fixed,growth,fixed,0.2054790209025168
2023-07-31,2023-08-01,growth_fixed,growth,fixed,0.1297913816208706
2023-08-31,2023-09-01,growth_fixed,growth,fixed,0.4231265088071589
2023-09-29,2023-10-02,growth_fixed,growth,fixed,0.30384430409590873
2023-10-31,2023-11-01,growth_fixed,growth,fixed,0.2654061828360179
2023-11-30,2023-12-01,growth_fixed,growth,fixed,0.20359266820207234
