decision_date,effective_date,fund,profile,fund_type,rolling_tail_risk,risk_score,raw_crypto_budget,raw_equity_budget,previous_applied_crypto_budget,applied_crypto_budget,applied_equity_budget,previous_target_crypto_budget,target_crypto_budget,target_equity_budget,pretrade_crypto_weight,pretrade_equity_weight,market_drift_from_previous_target,post_rebalance_crypto_weight,post_rebalance_equity_weight,crypto_rebalance_change,target_budget_change,no_adjustment_triggered,monthly_limit_triggered,turnover
2020-12-31,2021-01-04,balanced_adaptive,balanced,adaptive,0.0950169251794809,80.32786885245902,0.0795081967213114,0.9204918032786884,0.158941605839416,0.1089416058394159,0.891058394160584,,0.1089416058394159,0.891058394160584,0.10894160583941559,0.8910583941605844,,0.1089416058394159,0.8910583941605839,3.0531133177191805e-16,-0.05,False,True,
2021-01-29,2021-02-01,balanced_adaptive,balanced,adaptive,0.1082779977240067,80.83832335329342,0.0787425149700598,0.92125748502994,0.1089416058394159,0.0787425149700598,0.9212574850299402,0.1089416058394159,0.0787425149700598,0.9212574850299402,0.10437941228458777,0.8956205877154122,-0.00456219355482812,0.0787425149700604,0.92125748502994,-0.025636897314527368,-0.0301990908693561,False,False,0.1668720643418145
2021-02-26,2021-03-01,balanced_adaptive,balanced,adaptive,0.1011100516469831,76.24309392265194,0.085635359116022,0.914364640883978,0.0787425149700598,0.0787425149700598,0.9212574850299402,0.0787425149700598,0.0787425149700598,0.9212574850299402,0.10877000713774826,0.8912299928622518,0.030027492167688463,0.0787425149700598,0.921257485029909,-0.030027492167688463,0.0,True,False,0.0918048766021969
2021-03-31,2021-04-01,balanced_adaptive,balanced,adaptive,0.0721050474222789,43.54430379746835,0.1346835443037974,0.8653164556962025,0.0787425149700598,0.1287425149700597,0.8712574850299402,0.0787425149700598,0.1287425149700597,0.8712574850299402,0.09609249190125276,0.9039075080987472,0.01734997693119296,0.12874251497006,0.87125748502994,0.03265002306880725,0.0499999999999999,False,True,0.5174394829796732
2021-04-30,2021-05-03,balanced_adaptive,balanced,adaptive,0.0665231499094032,34.8235294117647,0.1477647058823529,0.852235294117647,0.1287425149700597,0.1477647058823529,0.8522352941176471,0.1287425149700597,0.1477647058823529,0.8522352941176471,0.17065612750349923,0.8293438724965008,0.04191361253343953,0.1477647058823529,0.8522352941176401,-0.022891421621146324,0.0190221909122931,False,False,0.2147228869521806
2021-05-28,2021-06-01,balanced_adaptive,balanced,adaptive,0.1494506335886626,93.3774834437086,0.0599337748344371,0.9400662251655628,0.1477647058823529,0.0977647058823529,0.9022352941176472,0.1477647058823529,0.0977647058823529,0.9022352941176472,0.15749843271965455,0.8425015672803454,0.009733726837301643,0.0977647058823527,0.9022352941176492,-0.059733726837301854,-0.05,False,True,0.2491765042750782
2021-06-30,2021-07-01,balanced_adaptive,balanced,adaptive,0.1683440029788646,100.0,0.05,0.95,0.0977647058823529,0.05,0.95,0.0977647058823529,0.05,0.95,0.07520390461002478,0.9247960953899752,-0.022560801272328124,0.05,0.95,-0.02520390461002478,-0.0477647058823529,False,False,0.3140456339975548
2021-07-30,2021-08-02,balanced_adaptive,balanced,adaptive,0.0918319470264436,60.07751937984496,0.1098837209302325,0.8901162790697674,0.05,0.1,0.9,0.05,0.1,0.9,0.04845329292423206,0.9515467070757679,-0.0015467070757679419,0.1,0.8999999999999975,0.051546707075767945,0.05,False,True,0.1020543342357834
2021-08-31,2021-09-01,balanced_adaptive,balanced,adaptive,0.0566624258194645,16.240875912408757,0.1756386861313868,0.8243613138686131,0.1,0.15,0.85,0.1,0.15,0.85,0.13150133589297888,0.8684986641070211,0.03150133589297888,0.15,0.85,0.018498664107021112,0.05,False,True,0.0287069746785348
2021-09-30,2021-10-01,balanced_adaptive,balanced,adaptive,0.0897193866592784,63.14878892733565,0.1052768166089965,0.8947231833910034,0.15,0.1052768166089965,0.8947231833910035,0.15,0.1052768166089965,0.8947231833910035,0.13452695912984902,0.865473040870151,-0.015473040870150973,0.1052768166089964,0.8947231833910035,-0.029250142520852618,-0.0447231833910035,False,False,0.3140966382723067
2021-10-29,2021-11-01,balanced_adaptive,balanced,adaptive,0.088803821425399,60.79077429983526,0.1088138385502471,0.8911861614497529,0.1052768166089965,0.1052768166089965,0.8947231833910035,0.1052768166089965,0.1052768166089965,0.8947231833910035,0.12188627050667546,0.8781137294933246,0.016609453897678955,0.1052768166089964,0.8947231833910012,-0.016609453897679052,0.0,True,False,0.2935185573670853
2021-11-30,2021-12-01,balanced_adaptive,balanced,adaptive,0.0669718047226076,29.42097026604069,0.1558685446009389,0.8441314553990611,0.1052768166089965,0.1552768166089965,0.8447231833910035,0.1052768166089965,0.1552768166089965,0.8447231833910035,0.09385025290618397,0.906149747093816,-0.011426563702812531,0.1552768166089963,0.844723183390978,0.06142656370281234,0.05,False,True,0.3534538109663506
2021-12-31,2022-01-03,balanced_adaptive,balanced,adaptive,0.0780920808393098,51.7910447761194,0.1223134328358209,0.8776865671641791,0.1552768166089965,0.1223134328358209,0.8776865671641791,0.1552768166089965,0.1223134328358209,0.8776865671641791,0.12318449138860892,0.8768155086113911,-0.03209232522038759,0.1223134328358209,0.8776865671643672,-0.0008710585527880177,-0.0329633837731756,False,False,0.1187045480959556
2022-01-31,2022-02-01,balanced_adaptive,balanced,adaptive,0.0823514270204458,57.34664764621969,0.1139800285306704,0.8860199714693295,0.1223134328358209,0.1223134328358209,0.8776865671641791,0.1223134328358209,0.1223134328358209,0.8776865671641791,0.09786329082282988,0.9021367091771701,-0.02445014201299102,0.122313432835821,0.8776865671641808,0.024450142012991116,0.0,True,False,0.3133481517125372
2022-02-28,2022-03-01,balanced_adaptive,balanced,adaptive,0.0728313155296015,39.09465020576132,0.141358024691358,0.858641975308642,0.1223134328358209,0.141358024691358,0.8586419753086421,0.1223134328358209,0.141358024691358,0.8586419753086421,0.14932079615782887,0.8506792038421711,0.02700736332200797,0.1413580246913579,0.8586419753086415,-0.00796277146647098,0.0190445918555371,False,False,0.4860339809738362
2022-03-31,2022-04-01,balanced_adaptive,balanced,adaptive,0.0597575067252199,19.210526315789473,0.1711842105263158,0.8288157894736842,0.141358024691358,0.1711842105263158,0.8288157894736842,0.141358024691358,0.1711842105263158,0.8288157894736842,0.15153647659072517,0.8484635234092748,0.010178451899367169,0.1711842105263151,0.8288157894736841,0.01964773393558994,0.0298261858349578,False,False,0.4050049640979515
2022-04-29,2022-05-02,balanced_adaptive,balanced,adaptive,0.0661928736832527,24.20785804816223,0.1636882129277566,0.8363117870722434,0.1711842105263158,0.1711842105263158,0.8288157894736842,0.1711842105263158,0.1711842105263158,0.8288157894736842,0.15032239672876146,0.8496776032712385,-0.020861813797554335,0.171184210526316,0.828815789473684,0.02086181379755453,0.0,True,False,0.3485315696446552
2022-05-31,2022-06-01,balanced_adaptive,balanced,adaptive,0.1036648531803156,81.97320341047502,0.0770401948842874,0.9229598051157124,0.1711842105263158,0.1211842105263158,0.8788157894736842,0.1711842105263158,0.1211842105263158,0.8788157894736842,0.12246892877948133,0.8775310712205187,-0.04871528174683447,0.1211842105263163,0.8788157894736826,-0.0012847182531650347,-0.05,False,True,0.2883142489477609
2022-06-30,2022-07-01,balanced_adaptive,balanced,adaptive,0.1139390110615981,85.19388954171563,0.0722091656874265,0.9277908343125736,0.1211842105263158,0.0722091656874265,0.9277908343125736,0.1211842105263158,0.0722091656874265,0.9277908343125736,0.09523023158859267,0.9047697684114073,-0.025953978937723124,0.0722091656874265,0.9277908343125733,-0.023021065901166177,-0.0489750448388893,False,False,0.4284836682265975
2022-07-29,2022-08-01,balanced_adaptive,balanced,adaptive,0.0824508483960887,58.18181818181818,0.1127272727272727,0.8872727272727272,0.0722091656874265,0.1127272727272727,0.8872727272727273,0.0722091656874265,0.1127272727272727,0.8872727272727273,0.07992778578499811,0.9200722142150018,0.007718620097571613,0.1127272727272731,0.8872727272727274,0.032799486942275,0.0405181070398462,False,False,0.0686570342702938
2022-08-31,2022-09-01,balanced_adaptive,balanced,adaptive,0.0663977996623439,23.548740416210297,0.1646768893756845,0.8353231106243154,0.1127272727272727,0.1627272727272727,0.8372727272727273,0.1127272727272727,0.1627272727272727,0.8372727272727273,0.10249293026366499,0.897507069736335,-0.010234342463607715,0.1627272727272702,0.8372727272727312,0.060234342463605206,0.05,False,True,0.1810237813154221
2022-09-30,2022-10-03,balanced_adaptive,balanced,adaptive,0.0758514931612161,49.09862142099682,0.1263520678685047,0.8736479321314952,0.1627272727272727,0.1263520678685047,0.8736479321314953,0.1627272727272727,0.1263520678685047,0.8736479321314953,0.1825087606428941,0.8174912393571059,0.0197814879156214,0.1263520678685045,0.8736479321314948,-0.05615669277438959,-0.036375204858768,False,False,0.3916878417997655
2022-10-31,2022-11-01,balanced_adaptive,balanced,adaptive,0.058649471885812,12.73100616016427,0.1809034907597536,0.8190965092402465,0.1263520678685047,0.1763520678685047,0.8236479321314953,0.1263520678685047,0.1763520678685047,0.8236479321314953,0.1176216645142482,0.8823783354857518,-0.008730403354256497,0.1763520678685042,0.8236479321314957,0.058730403354255986,0.05,False,True,0.1545221409628117
2022-11-30,2022-12-01,balanced_adaptive,balanced,adaptive,0.0700362604327545,32.47011952191235,0.1512948207171315,0.8487051792828685,0.1763520678685047,0.1512948207171315,0.8487051792828685,0.1763520678685047,0.1512948207171315,0.8487051792828685,0.1610629357019027,0.8389370642980973,-0.01528913216660202,0.1512948207171326,0.8487051792828685,-0.009768114984770093,-0.0250572471513732,False,False,0.2829431600941003
2022-12-30,2023-01-03,balanced_adaptive,balanced,adaptive,0.0761424976847595,52.804642166344294,0.1207930367504835,0.8792069632495164,0.1512948207171315,0.1207930367504835,0.8792069632495165,0.1512948207171315,0.1207930367504835,0.8792069632495165,0.13826557243680976,0.8617344275631902,-0.013029248280321731,0.1207930367504835,0.8792069632495163,-0.017472535686326257,-0.0305017839666479,False,False,0.219427172296274
2023-01-31,2023-02-01,balanced_adaptive,balanced,adaptive,0.0449970734859114,8.25515947467167,0.1876172607879925,0.8123827392120075,0.1207930367504835,0.1707930367504835,0.8292069632495165,0.1207930367504835,0.1707930367504835,0.8292069632495165,0.13842802467434892,0.8615719753256511,0.01763498792386542,0.1707930367504835,0.8292069632495165,0.03236501207613457,0.05,False,True,0.1649690490648114
2023-02-28,2023-03-01,balanced_adaptive,balanced,adaptive,0.044675002809092,9.049360146252283,0.1864259597806216,0.8135740402193784,0.1707930367504835,0.1864259597806216,0.8135740402193784,0.1707930367504835,0.1864259597806216,0.8135740402193784,0.1796901052939617,0.8203098947060383,0.008897068543478215,0.1864259597806208,0.8135740402193823,0.0067358544866590875,0.015632923030138,False,False,0.214556086155103
2023-03-31,2023-04-03,balanced_adaptive,balanced,adaptive,0.0497258828840727,12.088888888888889,0.1818666666666666,0.8181333333333334,0.1864259597806216,0.1864259597806216,0.8135740402193784,0.1864259597806216,0.1864259597806216,0.8135740402193784,0.19341772160157977,0.8065822783984202,0.0069917618209581756,0.1864259597806222,0.8135740402193783,-0.006991761820957565,0.0,True,False,0.1428251358800711
2023-04-28,2023-05-01,balanced_adaptive,balanced,adaptive,0.05047375546635,14.570685169124022,0.1781439722463139,0.821856027753686,0.1864259597806216,0.1864259597806216,0.8135740402193784,0.1864259597806216,0.1864259597806216,0.8135740402193784,0.17364038473137797,0.826359615268622,-0.01278557504924363,0.186425959780621,0.8135740402194127,0.01278557504924302,0.0,True,False,0.2064367856967786
2023-05-31,2023-06-01,balanced_adaptive,balanced,adaptive,0.0375670090484977,2.6138279932546373,0.196079258010118,0.803920741989882,0.1864259597806216,0.1864259597806216,0.8135740402193784,0.1864259597806216,0.1864259597806216,0.8135740402193784,0.19934753971856456,0.8006524602814354,0.012921579937942962,0.1864259597806223,0.8135740402193793,-0.012921579937942268,0.0,True,False,0.3756675188708822
2023-06-30,2023-07-03,balanced_adaptive,balanced,adaptive,0.0485413030948913,14.473684210526317,0.1782894736842105,0.8217105263157894,0.1864259597806216,0.1864259597806216,0.8135740402193784,0.1864259597806216,0.1864259597806216,0.8135740402193784,0.19469335455112255,0.8053066454488774,0.008267394770500952,0.186425959780621,0.8135740402193777,-0.008267394770501563,0.0,True,False,0.2227490423776707
2023-07-31,2023-08-01,balanced_adaptive,balanced,adaptive,0.0536787739702087,23.416198877305533,0.1648757016840417,0.8351242983159584,0.1864259597806216,0.1648757016840417,0.8351242983159584,0.1864259597806216,0.1648757016840417,0.8351242983159584,0.21034510335630047,0.7896548966436996,0.02391914357567887,0.1648757016840419,0.8351242983159585,-0.045469401672258575,-0.0215502580965799,False,False,0.1407593316260609
2023-08-31,2023-09-01,balanced_adaptive,balanced,adaptive,0.0505246989841056,19.483568075117372,0.1707746478873239,0.829225352112676,0.1648757016840417,0.1648757016840417,0.8351242983159584,0.1648757016840417,0.1648757016840417,0.8351242983159584,0.13759273133601643,0.8624072686639835,-0.027282970348025265,0.1648757016840413,0.8351242983159526,0.027282970348024876,0.0,True,False,0.4110578506208938
2023-09-29,2023-10-02,balanced_adaptive,balanced,adaptive,0.0440244649195958,9.793420045906656,0.18530986993114,0.81469013006886,0.1648757016840417,0.18530986993114,0.81469013006886,0.1648757016840417,0.18530986993114,0.81469013006886,0.18283214534621933,0.8171678546537806,0.017956443662177635,0.1853098699311396,0.8146901300688622,0.0024777245849202656,0.0204341682470982,False,False,0.3421205067055701
2023-10-31,2023-11-01,balanced_adaptive,balanced,adaptive,0.0236328519184651,0.0746825989544436,0.1998879761015683,0.8001120238984316,0.18530986993114,0.1998879761015683,0.8001120238984317,0.18530986993114,0.1998879761015683,0.8001120238984317,0.19524052420108257,0.8047594757989174,0.00993065426994258,0.199887976101568,0.8001120238984316,0.004647451900485433,0.0145781061704283,False,False,0.3033386691717588
2023-11-30,2023-12-01,balanced_adaptive,balanced,adaptive,0.0326788061359547,3.6523009495982466,0.1945215485756026,0.8054784514243973,0.1998879761015683,0.1998879761015683,0.8001120238984317,0.1998879761015683,0.1998879761015683,0.8001120238984317,0.20083205372883584,0.7991679462711642,0.0009440776272675311,0.1998879761015682,0.800112023898431,-0.0009440776272676421,0.0,True,False,0.2082964853446983
2020-12-31,2021-01-04,balanced_fixed,balanced,fixed,,,,,,,,,0.2,0.8,0.2,0.8,,0.2000000000000001,0.7999999999999999,8.326672684688674e-17,,,,
2021-01-29,2021-02-01,balanced_fixed,balanced,fixed,,,,,,,,0.2,0.2,0.8,0.19244809869745166,0.8075519013025483,-0.007551901302548347,0.2000000000000016,0.7999999999999998,0.007551901302549929,0.0,,,0.1835717123978331
2021-02-26,2021-03-01,balanced_fixed,balanced,fixed,,,,,,,,0.2,0.2,0.8,0.2630637648423813,0.7369362351576187,0.0630637648423813,0.2000000000000002,0.799999999999973,-0.0630637648423811,0.0,,,0.1246098413754171
2021-03-31,2021-04-01,balanced_fixed,balanced,fixed,,,,,,,,0.2,0.2,0.8,0.23718884229382384,0.7628111577061761,0.037188842293823826,0.2000000000000005,0.7999999999999999,-0.037188842293823327,0.0,,,0.4828318549909891
2021-04-30,2021-05-03,balanced_fixed,balanced,fixed,,,,,,,,0.2,0.2,0.8,0.2582363326444809,0.741763667355519,0.058236332644480915,0.2,0.7999999999999935,-0.058236332644480915,0.0,,,0.2159318971337825
2021-05-28,2021-06-01,balanced_fixed,balanced,fixed,,,,,,,,0.2,0.2,0.8,0.2123173979232631,0.7876826020767369,0.012317397923263085,0.1999999999999997,0.8000000000000019,-0.01231739792326339,0.0,,,0.262622984957589
2021-06-30,2021-07-01,balanced_fixed,balanced,fixed,,,,,,,,0.2,0.2,0.8,0.15797767914680938,0.8420223208531906,-0.04202232085319063,0.2,0.8,0.04202232085319063,0.0,,,0.3003324741664097
2021-07-30,2021-08-02,balanced_fixed,balanced,fixed,,,,,,,,0.2,0.2,0.8,0.19476446721127777,0.8052355327887222,-0.005235532788722241,0.2,0.7999999999999979,0.005235532788722241,0.0,,,0.0729130707238069
2021-08-31,2021-09-01,balanced_fixed,balanced,fixed,,,,,,,,0.2,0.2,0.8,0.25410849720408457,0.7458915027959154,0.05410849720408456,0.2000000000000001,0.7999999999999999,-0.05410849720408448,0.0,,,0.0541084972040843
2021-09-30,2021-10-01,balanced_fixed,balanced,fixed,,,,,,,,0.2,0.2,0.8,0.18046431086237807,0.819535689137622,-0.019535689137621937,0.1999999999999999,0.8000000000000002,0.019535689137621826,0.0,,,0.2812712252408189
2021-10-29,2021-11-01,balanced_fixed,balanced,fixed,,,,,,,,0.2,0.2,0.8,0.22774980059170571,0.7722501994082943,0.027749800591705703,0.1999999999999999,0.7999999999999979,-0.027749800591705814,0.0,,,0.2719858204345944
2021-11-30,2021-12-01,balanced_fixed,balanced,fixed,,,,,,,,0.2,0.2,0.8,0.18036488360287883,0.8196351163971212,-0.019635116397121177,0.1999999999999998,0.7999999999999758,0.019635116397120955,0.0,,,0.3238424458194667
2021-12-31,2022-01-03,balanced_fixed,balanced,fixed,,,,,,,,0.2,0.2,0.8,0.1604197481298909,0.8395802518701091,-0.03958025187010911,0.2,0.8000000000001714,0.03958025187010911,0.0,,,0.1404206311231254
2022-01-31,2022-02-01,balanced_fixed,balanced,fixed,,,,,,,,0.2,0.2,0.8,0.16290283315705303,0.837097166842947,-0.03709716684294698,0.2000000000000003,0.8000000000000016,0.037097166842947255,0.0,,,0.3070802779755595
2022-02-28,2022-03-01,balanced_fixed,balanced,fixed,,,,,,,,0.2,0.2,0.8,0.2394804931968962,0.7605195068031038,0.0394804931968962,0.1999999999999998,0.7999999999999996,-0.03948049319689642,0.0,,,0.4620164534072593
2022-03-31,2022-04-01,balanced_fixed,balanced,fixed,,,,,,,,0.2,0.2,0.8,0.2133517641852117,0.7866482358147883,0.013351764185211695,0.1999999999999993,0.8,-0.013351764185212417,0.0,,,0.3788249057445024
2022-04-29,2022-05-02,balanced_fixed,balanced,fixed,,,,,,,,0.2,0.2,0.8,0.17637377408755603,0.8236262259124439,-0.023626225912443982,0.2000000000000002,0.7999999999999997,0.023626225912444176,0.0,,,0.3426282779853521
2022-05-31,2022-06-01,balanced_fixed,balanced,fixed,,,,,,,,0.2,0.2,0.8,0.14451420541093385,0.8554857945890662,-0.05548579458906616,0.2000000000000008,0.7999999999999985,0.05548579458906694,0.0,,,0.2991434010214816
2022-06-30,2022-07-01,balanced_fixed,balanced,fixed,,,,,,,,0.2,0.2,0.8,0.1602439751724978,0.8397560248275022,-0.03975602482750221,0.2,0.7999999999999996,0.03975602482750221,0.0,,,0.4188366480149008
2022-07-29,2022-08-01,balanced_fixed,balanced,fixed,,,,,,,,0.2,0.2,0.8,0.2181664358603748,0.7818335641396252,0.01816643586037478,0.2000000000000008,0.8000000000000002,-0.018166435860374003,0.0,,,0.0562354679465099
2022-08-31,2022-09-01,balanced_fixed,balanced,fixed,,,,,,,,0.2,0.2,0.8,0.18348078241837715,0.8165192175816228,-0.016519217581622864,0.1999999999999969,0.8000000000000037,0.016519217581619755,0.0,,,0.152184767552368
2022-09-30,2022-10-03,balanced_fixed,balanced,fixed,,,,,,,,0.2,0.2,0.8,0.22310509564225597,0.776894904357744,0.023105095642255963,0.1999999999999998,0.7999999999999996,-0.023105095642256185,0.0,,,0.3480339633806194
2022-10-31,2022-11-01,balanced_fixed,balanced,fixed,,,,,,,,0.2,0.2,0.8,0.1872716376558048,0.8127283623441952,-0.012728362344195221,0.1999999999999995,0.8000000000000005,0.012728362344194721,0.0,,,0.1183072280714142
2022-11-30,2022-12-01,balanced_fixed,balanced,fixed,,,,,,,,0.2,0.2,0.8,0.18311647880560647,0.8168835211943936,-0.01688352119439354,0.2000000000000015,0.8,0.01688352119439504,0.0,,,0.2786691888417575
2022-12-30,2023-01-03,balanced_fixed,balanced,fixed,,,,,,,,0.2,0.2,0.8,0.18368413560098504,0.8163158643990149,-0.016315864399014973,0.2000000000000001,0.7999999999999998,0.016315864399015056,0.0,,,0.2230494090325759
2023-01-31,2023-02-01,balanced_fixed,balanced,fixed,,,,,,,,0.2,0.2,0.8,0.22622330019137568,0.7737766998086243,0.02622330019137567,0.1999999999999999,0.7999999999999999,-0.02622330019137578,0.0,,,0.1571911315028401
2023-02-28,2023-03-01,balanced_fixed,balanced,fixed,,,,,,,,0.2,0.2,0.8,0.21003315874451983,0.7899668412554801,0.010033158744519821,0.1999999999999991,0.8000000000000037,-0.010033158744520737,0.0,,,0.2065353821231758
2023-03-31,2023-04-03,balanced_fixed,balanced,fixed,,,,,,,,0.2,0.2,0.8,0.20737108583305514,0.7926289141669449,0.007371085833055124,0.2000000000000007,0.7999999999999999,-0.0073710858330544304,0.0,,,0.1417496884309157
2023-04-28,2023-05-01,balanced_fixed,balanced,fixed,,,,,,,,0.2,0.2,0.8,0.18649688364318212,0.8135031163568178,-0.01350311635681789,0.1999999999999994,0.8000000000000339,0.01350311635681728,0.0,,,0.2050043145783192
2023-05-31,2023-06-01,balanced_fixed,balanced,fixed,,,,,,,,0.2,0.2,0.8,0.21361539320027234,0.7863846067997277,0.01361539320027233,0.2000000000000008,0.8000000000000009,-0.013615393200271553,0.0,,,0.3714672757233246
2023-06-30,2023-07-03,balanced_fixed,balanced,fixed,,,,,,,,0.2,0.2,0.8,0.20871493137503555,0.7912850686249644,0.00871493137503554,0.1999999999999994,0.7999999999999993,-0.00871493137503615,0.0,,,0.220676123135118
2023-07-31,2023-08-01,balanced_fixed,balanced,fixed,,,,,,,,0.2,0.2,0.8,0.22517870834788606,0.774821291652114,0.025178708347886047,0.2000000000000003,0.8000000000000003,-0.02517870834788577,0.0,,,0.1340564850752014
2023-08-31,2023-09-01,balanced_fixed,balanced,fixed,,,,,,,,0.2,0.2,0.8,0.16807455272266875,0.8319254472773312,-0.031925447277331265,0.1999999999999996,0.7999999999999945,0.03192544727733085,0.0,,,0.4141533319681293
2023-09-29,2023-10-02,balanced_fixed,balanced,fixed,,,,,,,,0.2,0.2,0.8,0.22077053849076247,0.7792294615092376,0.020770538490762464,0.1999999999999996,0.8000000000000022,-0.02077053849076288,0.0,,,0.3355954632740996
2023-10-31,2023-11-01,balanced_fixed,balanced,fixed,,,,,,,,0.2,0.2,0.8,0.21051446990657643,0.7894855300934236,0.010514469906576424,0.1999999999999998,0.8,-0.010514469906576646,0.0,,,0.3003389228954134
2023-11-30,2023-12-01,balanced_fixed,balanced,fixed,,,,,,,,0.2,0.2,0.8,0.20094447384070901,0.799055526159291,0.0009444738407090036,0.2,0.7999999999999994,-0.0009444738407090036,0.0,,,0.2082912258001612
2020-12-31,2021-01-04,conservative_adaptive,conservative,adaptive,0.0950169251794809,80.32786885245902,0.0196721311475409,0.980327868852459,0.0726277372262773,0.0226277372262772,0.9773722627737228,,0.0226277372262772,0.9773722627737228,0.022627737226277,0.977372262773723,,0.0226277372262772,0.9773722627737228,2.0122792321330962e-16,-0.05,False,True,
2021-01-29,2021-02-01,conservative_adaptive,conservative,adaptive,0.1082779977240067,80.83832335329342,0.0191616766467065,0.9808383233532936,0.0226277372262772,0.0226277372262772,0.9773722627737228,0.0226277372262772,0.0226277372262772,0.9773722627737228,0.0215925551563049,0.9784074448436951,-0.0010351820699723013,0.0226277372262773,0.9773722627737224,0.001035182069972402,0.0,True,False,0.1380476376814112
2021-02-26,2021-03-01,conservative_adaptive,conservative,adaptive,0.1011100516469831,76.24309392265194,0.023756906077348,0.976243093922652,0.0226277372262772,0.0226277372262772,0.9773722627737228,0.0226277372262772,0.0226277372262772,0.9773722627737228,0.03199982932478983,0.9680001706752102,0.009372092098512627,0.0226277372262772,0.9773722627736896,-0.009372092098512627,0.0,True,False,0.0753117580456731
2021-03-31,2021-04-01,conservative_adaptive,conservative,adaptive,0.0721050474222789,43.54430379746835,0.0564556962025316,0.9435443037974685,0.0226277372262772,0.0564556962025316,0.9435443037974685,0.0226277372262772,0.0564556962025316,0.9435443037974685,0.027989133068445044,0.9720108669315549,0.005361395842167844,0.0564556962025317,0.9435443037974682,0.028466563134086655,0.0338279589762543,False,False,0.5441985133671627
2021-04-30,2021-05-03,conservative_adaptive,conservative,adaptive,0.0665231499094032,34.8235294117647,0.0651764705882353,0.9348235294117648,0.0564556962025316,0.0564556962025316,0.9435443037974685,0.0564556962025316,0.0564556962025316,0.9435443037974685,0.0769130217881191,0.9230869782118809,0.020457325585587494,0.0564556962025316,0.9435443037974606,-0.020457325585587494,0.0,True,False,0.2269227982973632
2021-05-28,2021-06-01,conservative_adaptive,conservative,adaptive,0.1494506335886626,93.3774834437086,0.0066225165562913,0.9933774834437086,0.0564556962025316,0.0066225165562913,0.9933774834437088,0.0564556962025316,0.0066225165562913,0.9933774834437088,0.06060232321340685,0.9393976767865931,0.004146627010875245,0.0066225165562912,0.993377483443711,-0.053979806657115645,-0.0498331796462403,False,False,0.2437837158063517
2021-06-30,2021-07-01,conservative_adaptive,conservative,adaptive,0.1683440029788646,100.0,0.0,1.0,0.0066225165562913,0.0066225165562913,0.9933774834437088,0.0066225165562913,0.0066225165562913,0.9933774834437088,0.00497821269156575,0.9950217873084343,-0.0016443038647255496,0.0066225165562912,0.9933774834437088,0.0016443038647254498,0.0,True,False,0.3221525704272466
2021-07-30,2021-08-02,conservative_adaptive,conservative,adaptive,0.0918319470264436,60.07751937984496,0.039922480620155,0.960077519379845,0.0066225165562913,0.039922480620155,0.960077519379845,0.0066225165562913,0.039922480620155,0.960077519379845,0.006408602741529216,0.9935913972584708,-0.0002139138147620838,0.039922480620155,0.9600775193798424,0.03351387787862578,0.0332999640638637,False,False,0.0967360990232552
2021-08-31,2021-09-01,conservative_adaptive,conservative,adaptive,0.0566624258194645,16.240875912408757,0.0837591240875912,0.9162408759124088,0.039922480620155,0.0837591240875912,0.9162408759124088,0.039922480620155,0.0837591240875912,0.9162408759124088,0.0536262493706523,0.9463737506293477,0.013703768750497301,0.0837591240875912,0.9162408759124088,0.0301328747169389,0.0438366434674362,False,False,0.032145769367769
2021-09-30,2021-10-01,conservative_adaptive,conservative,adaptive,0.0897193866592784,63.14878892733565,0.0368512110726643,0.9631487889273356,0.0837591240875912,0.0368512110726643,0.9631487889273356,0.0837591240875912,0.0368512110726643,0.9631487889273356,0.07452001645490103,0.925479983545099,-0.009239107632690174,0.0368512110726642,0.9631487889273358,-0.037668805382236825,-0.0469079130149269,False,False,0.3379441858852355
2021-10-29,2021-11-01,conservative_adaptive,conservative,adaptive,0.088803821425399,60.79077429983526,0.0392092257001647,0.9607907742998352,0.0368512110726643,0.0368512110726643,0.9631487889273356,0.0368512110726643,0.0368512110726643,0.9631487889273356,0.04318627502310237,0.9568137249768977,0.00633506395043807,0.0368512110726642,0.9631487889273328,-0.0063350639504381676,0.0,True,False,0.3088120012115882
2021-11-30,2021-12-01,conservative_adaptive,conservative,adaptive,0.0669718047226076,29.42097026604069,0.0705790297339593,0.9294209702660406,0.0368512110726643,0.0705790297339593,0.9294209702660408,0.0368512110726643,0.0705790297339593,0.9294209702660408,0.03258100036790828,0.9674189996320918,-0.004270210704756021,0.0705790297339592,0.9294209702660128,0.03799802936605092,0.033727818661295,False,False,0.3556929640096695
2021-12-31,2022-01-03,conservative_adaptive,conservative,adaptive,0.0780920808393098,51.7910447761194,0.0482089552238806,0.9517910447761194,0.0705790297339593,0.0482089552238806,0.9517910447761194,0.0705790297339593,0.0482089552238806,0.9517910447761194,0.05485512475666283,0.9451448752433371,-0.01572390497729647,0.0482089552238805,0.9517910447763234,-0.006646169532782326,-0.0223700745100786,False,False,0.1253638116859193
2022-01-31,2022-02-01,conservative_adaptive,conservative,adaptive,0.0823514270204458,57.34664764621969,0.0426533523537803,0.9573466476462196,0.0482089552238806,0.0482089552238806,0.9517910447761194,0.0482089552238806,0.0482089552238806,0.9517910447761194,0.037931906706528996,0.962068093293471,-0.010277048517351603,0.0482089552238806,0.9517910447761212,0.010277048517351603,0.0,True,False,0.3182538685386788
2022-02-28,2022-03-01,conservative_adaptive,conservative,adaptive,0.0728313155296015,39.09465020576132,0.0609053497942386,0.9390946502057612,0.0482089552238806,0.0609053497942386,0.9390946502057614,0.0482089552238806,0.0609053497942386,0.9390946502057614,0.059971758579277,0.940028241420723,0.011762803355396402,0.0609053497942385,0.9390946502057608,0.0009335912149614975,0.012696394570358,False,False,0.5261084488048049
2022-03-31,2022-04-01,conservative_adaptive,conservative,adaptive,0.0597575067252199,19.210526315789473,0.0807894736842105,0.9192105263157896,0.0609053497942386,0.0807894736842105,0.9192105263157896,0.0609053497942386,0.0807894736842105,0.9192105263157896,0.06573431331927905,0.934265686680721,0.004828963525040447,0.0807894736842102,0.9192105263157896,0.015055160364931153,0.0198841238899718,False,False,0.4432131415571371
2022-04-29,2022-05-02,conservative_adaptive,conservative,adaptive,0.0661928736832527,24.20785804816223,0.0757921419518377,0.9242078580481622,0.0807894736842105,0.0807894736842105,0.9192105263157896,0.0807894736842105,0.0807894736842105,0.9192105263157896,0.07001327179028156,0.9299867282097184,-0.01077620189392893,0.0807894736842105,0.9192105263157891,0.01077620189392893,0.0,True,False,0.3662015708959321
2022-05-31,2022-06-01,conservative_adaptive,conservative,adaptive,0.1036648531803156,81.97320341047502,0.0180267965895249,0.981973203410475,0.0807894736842105,0.0307894736842104,0.9692105263157896,0.0807894736842105,0.0307894736842104,0.9692105263157896,0.05605863711211902,0.943941362887881,-0.024730836572091477,0.0307894736842105,0.969210526315788,-0.02526916342790852,-0.05,False,True,0.2989337631290306
2022-06-30,2022-07-01,conservative_adaptive,conservative,adaptive,0.1139390110615981,85.19388954171563,0.0148061104582843,0.9851938895417156,0.0307894736842104,0.0148061104582843,0.9851938895417156,0.0307894736842104,0.0148061104582843,0.9851938895417156,0.02367378325667169,0.9763262167433283,-0.00711569042753871,0.0148061104582843,0.985193889541715,-0.008867672798387391,-0.0159833632259261,False,False,0.4327276108558396
2022-07-29,2022-08-01,conservative_adaptive,conservative,adaptive,0.0824508483960887,58.18181818181818,0.0418181818181818,0.958181818181818,0.0148061104582843,0.0418181818181818,0.9581818181818182,0.0148061104582843,0.0418181818181818,0.9581818181818182,0.016497881971985002,0.983502118028015,0.0016917715137007017,0.0418181818181819,0.9581818181818184,0.025320299846196898,0.0270120713598975,False,False,0.067956527194855
2022-08-31,2022-09-01,conservative_adaptive,conservative,adaptive,0.0663977996623439,23.548740416210297,0.0764512595837897,0.9235487404162104,0.0418181818181818,0.0764512595837897,0.9235487404162104,0.0418181818181818,0.0764512595837897,0.9235487404162104,0.03774768727208307,0.9622523127279169,-0.00407049454609873,0.0764512595837885,0.9235487404162146,0.038703572311705424,0.0346330777656079,False,False,0.1762348786824385
2022-09-30,2022-10-03,conservative_adaptive,conservative,adaptive,0.0758514931612161,49.09862142099682,0.0509013785790031,0.9490986214209968,0.0764512595837897,0.0509013785790031,0.9490986214209968,0.0764512595837897,0.0509013785790031,0.9490986214209968,0.0868325317799003,0.9131674682200996,0.010381272196110597,0.050901378579003,0.9490986214209964,-0.0359311532008973,-0.0255498810047866,False,False,0.4129593045274865
2022-10-31,2022-11-01,conservative_adaptive,conservative,adaptive,0.058649471885812,12.73100616016427,0.0872689938398357,0.9127310061601642,0.0509013785790031,0.0872689938398357,0.9127310061601644,0.0509013785790031,0.0872689938398357,0.9127310061601644,0.047103225011006986,0.9528967749889931,-0.003798153567996114,0.0872689938398354,0.9127310061601648,0.04016576882882841,0.0363676152608326,False,False,0.1526658798252678
2022-11-30,2022-12-01,conservative_adaptive,conservative,adaptive,0.0700362604327545,32.47011952191235,0.0675298804780876,0.9324701195219124,0.0872689938398357,0.0675298804780876,0.9324701195219124,0.0872689938398357,0.0675298804780876,0.9324701195219124,0.07896264608775845,0.9210373539122415,-0.008306347752077253,0.0675298804780881,0.9324701195219124,-0.011432765609670353,-0.0197391133617481,False,False,0.2915521155094037
2022-12-30,2023-01-03,conservative_adaptive,conservative,adaptive,0.0761424976847595,52.804642166344294,0.0471953578336557,0.9528046421663444,0.0675298804780876,0.0471953578336557,0.9528046421663444,0.0675298804780876,0.0471953578336557,0.9528046421663444,0.06119419510590886,0.9388058048940912,-0.00633568537217874,0.0471953578336557,0.9528046421663442,-0.013998837272253158,-0.0203345226444318,False,False,0.2209193364421343
2023-01-31,2023-02-01,conservative_adaptive,conservative,adaptive,0.0449970734859114,8.25515947467167,0.0917448405253283,0.9082551594746716,0.0471953578336557,0.0917448405253283,0.9082551594746716,0.0471953578336557,0.0917448405253283,0.9082551594746716,0.054754726058803424,0.9452452739411966,0.007559368225147724,0.0917448405253282,0.9082551594746716,0.03699011446652478,0.0445494826916726,False,False,0.1774898535587682
2023-02-28,2023-03-01,conservative_adaptive,conservative,adaptive,0.044675002809092,9.049360146252283,0.0909506398537477,0.9090493601462524,0.0917448405253283,0.0917448405253283,0.9082551594746716,0.0917448405253283,0.0917448405253283,0.9082551594746716,0.09700580578457398,0.902994194215426,0.005260965259245673,0.0917448405253279,0.9082551594746756,-0.005260965259246075,0.0,True,False,0.2317072399129963
2023-03-31,2023-04-03,conservative_adaptive,conservative,adaptive,0.0497258828840727,12.088888888888889,0.0879111111111111,0.9120888888888888,0.0917448405253283,0.0917448405253283,0.9082551594746716,0.0917448405253283,0.0917448405253283,0.9082551594746716,0.09560293056022431,0.9043970694397757,0.003858090034896011,0.0917448405253286,0.9082551594746716,-0.0038580900348957198,0.0,True,False,0.1502505358595973
2023-04-28,2023-05-01,conservative_adaptive,conservative,adaptive,0.05047375546635,14.570685169124022,0.0854293148308759,0.914570685169124,0.0917448405253283,0.0917448405253283,0.9082551594746716,0.0917448405253283,0.0917448405253283,0.9082551594746716,0.08477610805393401,0.915223891946066,-0.00696873247139429,0.091744840525328,0.90825515947471,0.006968732471393985,0.0,True,False,0.2161077279075339
2023-05-31,2023-06-01,conservative_adaptive,conservative,adaptive,0.0375670090484977,2.6138279932546373,0.0973861720067453,0.9026138279932546,0.0917448405253283,0.0917448405253283,0.9082551594746716,0.0917448405253283,0.0917448405253283,0.9082551594746716,0.09890164308838491,0.9010983569116151,0.007156802563056605,0.0917448405253286,0.9082551594746728,-0.007156802563056314,0.0,True,False,0.4048384188976778
2023-06-30,2023-07-03,conservative_adaptive,conservative,adaptive,0.0485413030948913,14.473684210526317,0.0855263157894736,0.9144736842105264,0.0917448405253283,0.0917448405253283,0.9082551594746716,0.0917448405253283,0.0917448405253283,0.9082551594746716,0.09631048299856983,0.9036895170014302,0.004565642473241524,0.091744840525328,0.9082551594746706,-0.004565642473241829,0.0,True,False,0.2372756251848267
2023-07-31,2023-08-01,conservative_adaptive,conservative,adaptive,0.0536787739702087,23.416198877305533,0.0765838011226944,0.9234161988773056,0.0917448405253283,0.0765838011226944,0.9234161988773056,0.0917448405253283,0.0765838011226944,0.9234161988773056,0.10508513079372249,0.8949148692062775,0.013340290268394187,0.0765838011226945,0.923416198877306,-0.02850132967102799,-0.0151610394026339,False,False,0.14337044390207
2023-08-31,2023-09-01,conservative_adaptive,conservative,adaptive,0.0505246989841056,19.483568075117372,0.0805164319248826,0.9194835680751172,0.0765838011226944,0.0765838011226944,0.9234161988773056,0.0765838011226944,0.0765838011226944,0.9234161988773056,0.06281214544691266,0.9371878545530874,-0.013771655675781744,0.0765838011226942,0.9234161988772992,0.013771655675781536,0.0,True,False,0.4036445208872031
2023-09-29,2023-10-02,conservative_adaptive,conservative,adaptive,0.0440244649195958,9.793420045906656,0.0902065799540933,0.9097934200459068,0.0765838011226944,0.0902065799540933,0.9097934200459068,0.0765838011226944,0.0902065799540933,0.9097934200459068,0.08591369101724003,0.91408630898276,0.009329889894545626,0.0902065799540931,0.9097934200459092,0.004292888936853076,0.0136227788313988,False,False,0.3733550831417906
2023-10-31,2023-11-01,conservative_adaptive,conservative,adaptive,0.0236328519184651,0.0746825989544436,0.0999253174010455,0.9000746825989544,0.0902065799540933,0.0902065799540933,0.9097934200459068,0.0902065799540933,0.0902065799540933,0.9097934200459068,0.09563899890506578,0.9043610010949342,0.005432418950972476,0.0902065799540932,0.9097934200459068,-0.005432418950972573,0.0,True,False,0.3388263419147796
2023-11-30,2023-12-01,conservative_adaptive,conservative,adaptive,0.0326788061359547,3.6523009495982466,0.0963476990504017,0.9036523009495984,0.0902065799540933,0.0902065799540933,0.9097934200459068,0.0902065799540933,0.0902065799540933,0.9097934200459068,0.09069134636505963,0.9093086536349404,0.000484766410966328,0.0902065799540933,0.909793420045906,-0.000484766410966328,0.0,True,False,0.2134417884510608
2020-12-31,2021-01-04,conservative_fixed,conservative,fixed,,,,,,,,,0.1,0.9,0.1,0.9,,0.1,0.9,0.0,,,,
2021-01-29,2021-02-01,conservative_fixed,conservative,fixed,,,,,,,,0.1,0.1,0.9,0.09577201136287654,0.9042279886371235,-0.004227988637123467,0.1000000000000008,0.8999999999999998,0.004227988637124258,0.0,,,0.1577913721267646
2021-02-26,2021-03-01,conservative_fixed,conservative,fixed,,,,,,,,0.1,0.1,0.9,0.13692891550072822,0.8630710844992717,0.036928915500728215,0.1000000000000001,0.8999999999999696,-0.03692891550072812,0.0,,,0.0984248603143981
2021-03-31,2021-04-01,conservative_fixed,conservative,fixed,,,,,,,,0.1,0.1,0.9,0.12141650825782878,0.8785834917421712,0.021416508257828773,0.1000000000000002,0.9,-0.02141650825782858,0.0,,,0.516785529437449
2021-04-30,2021-05-03,conservative_fixed,conservative,fixed,,,,,,,,0.1,0.1,0.9,0.133995287662948,0.866004712337052,0.03399528766294799,0.1,0.8999999999999927,-0.03399528766294799,0.0,,,0.2241822341337659
2021-05-28,2021-06-01,conservative_fixed,conservative,fixed,,,,,,,,0.1,0.1,0.9,0.10698228859876414,0.8930177114012359,0.006982288598764139,0.0999999999999998,0.900000000000002,-0.006982288598764347,0.0,,,0.2412201189284086
2021-06-30,2021-07-01,conservative_fixed,conservative,fixed,,,,,,,,0.1,0.1,0.9,0.07696737231426894,0.923032627685731,-0.02303262768573107,0.1,0.9,0.02303262768573107,0.0,,,0.3130267218912635
2021-07-30,2021-08-02,conservative_fixed,conservative,fixed,,,,,,,,0.1,0.1,0.9,0.09706461798682953,0.9029353820131705,-0.002935382013170479,0.1,0.8999999999999975,0.002935382013170479,0.0,,,0.0779344057839672
2021-08-31,2021-09-01,conservative_fixed,conservative,fixed,,,,,,,,0.1,0.1,0.9,0.13150133589297888,0.8684986641070211,0.03150133589297888,0.1,0.9,-0.03150133589297888,0.0,,,0.0320627611134933
2021-09-30,2021-10-01,conservative_fixed,conservative,fixed,,,,,,,,0.1,0.1,0.9,0.08914372783398061,0.9108562721660194,-0.010856272166019393,0.0999999999999999,0.9000000000000001,0.010856272166019282,0.0,,,0.3072022729411106
2021-10-29,2021-11-01,conservative_fixed,conservative,fixed,,,,,,,,0.1,0.1,0.9,0.11588476219747604,0.884115237802524,0.015884762197476032,0.0999999999999999,0.8999999999999976,-0.015884762197476143,0.0,,,0.2947058865488155
2021-11-30,2021-12-01,conservative_fixed,conservative,fixed,,,,,,,,0.1,0.1,0.9,0.08908914447550409,0.9109108555244959,-0.010910855524495916,0.0999999999999999,0.8999999999999728,0.010910855524495805,0.0,,,0.3359494058269753
2021-12-31,2022-01-03,conservative_fixed,conservative,fixed,,,,,,,,0.1,0.1,0.9,0.07827356932210705,0.921726430677893,-0.021726430677892955,0.1,0.9000000000001929,0.021726430677892955,0.0,,,0.1340001882712196
2022-01-31,2022-02-01,conservative_fixed,conservative,fixed,,,,,,,,0.1,0.1,0.9,0.0796057003610615,0.9203942996389385,-0.020394299638938504,0.1000000000000001,0.9000000000000018,0.0203942996389386,0.0,,,0.3149330556692943
2022-02-28,2022-03-01,conservative_fixed,conservative,fixed,,,,,,,,0.1,0.1,0.9,0.12276962493727403,0.8772303750627259,0.022769624937274024,0.0999999999999999,0.8999999999999995,-0.022769624937274136,0.0,,,0.5093656325744196
2022-03-31,2022-04-01,conservative_fixed,conservative,fixed,,,,,,,,0.1,0.1,0.9,0.10757356766008025,0.8924264323399198,0.007573567660080244,0.0999999999999996,0.9,-0.007573567660080646,0.0,,,0.4237092959073966
2022-04-29,2022-05-02,conservative_fixed,conservative,fixed,,,,,,,,0.1,0.1,0.9,0.0869036339880197,0.9130963660119803,-0.013096366011980304,0.1000000000000001,0.8999999999999998,0.013096366011980401,0.0,,,0.3625524882941643
2022-05-31,2022-06-01,conservative_fixed,conservative,fixed,,,,,,,,0.1,0.1,0.9,0.06983531040050073,0.9301646895994993,-0.030164689599499278,0.1000000000000004,0.8999999999999982,0.030164689599499667,0.0,,,0.2961269659230476
2022-06-30,2022-07-01,conservative_fixed,conservative,fixed,,,,,,,,0.1,0.1,0.9,0.07817942315624912,0.9218205768437508,-0.021820576843750883,0.1,0.8999999999999995,0.021820576843750883,0.0,,,0.4261842966467026
2022-07-29,2022-08-01,conservative_fixed,conservative,fixed,,,,,,,,0.1,0.1,0.9,0.1103359750639949,0.889664024936005,0.01033597506399489,0.1000000000000004,0.9000000000000001,-0.010335975063994501,0.0,,,0.0567129803242746
2022-08-31,2022-09-01,conservative_fixed,conservative,fixed,,,,,,,,0.1,0.1,0.9,0.09080289571459432,0.9091971042854057,-0.009197104285405683,0.0999999999999984,0.9000000000000042,0.009197104285404073,0.0,,,0.1571518305306634
2022-09-30,2022-10-03,conservative_fixed,conservative,fixed,,,,,,,,0.1,0.1,0.9,0.11318704627718974,0.8868129537228102,0.013187046277189737,0.0999999999999999,0.8999999999999997,-0.013187046277189848,0.0,,,0.3824638817065518
2022-10-31,2022-11-01,conservative_fixed,conservative,fixed,,,,,,,,0.1,0.1,0.9,0.09289680371645204,0.907103196283548,-0.007103196283547969,0.0999999999999997,0.9000000000000004,0.007103196283547664,0.0,,,0.1276467902273642
2022-11-30,2022-12-01,conservative_fixed,conservative,fixed,,,,,,,,0.1,0.1,0.9,0.09060218693816019,0.9093978130618399,-0.009397813061839816,0.1000000000000007,0.8999999999999999,0.00939781306184051,0.0,,,0.2838843096343978
2022-12-30,2023-01-03,conservative_fixed,conservative,fixed,,,,,,,,0.1,0.1,0.9,0.09091497009801769,0.9090850299019824,-0.009085029901982317,0.1,0.8999999999999998,0.009085029901982317,0.0,,,0.2219893402130485
2023-01-31,2023-02-01,conservative_fixed,conservative,fixed,,,,,,,,0.1,0.1,0.9,0.11499639064112963,0.8850036093588703,0.01499639064112962,0.0999999999999999,0.9,-0.014996390641129731,0.0,,,0.1660761014688844
2023-02-28,2023-03-01,conservative_fixed,conservative,fixed,,,,,,,,0.1,0.1,0.9,0.10567926489771173,0.8943207351022883,0.005679264897711728,0.0999999999999995,0.9000000000000042,-0.005679264897712227,0.0,,,0.2297776451102664
2023-03-31,2023-04-03,conservative_fixed,conservative,fixed,,,,,,,,0.1,0.1,0.9,0.10416542559960963,0.8958345744003904,0.004165425599609626,0.1000000000000003,0.8999999999999999,-0.004165425599609335,0.0,,,0.1496084381131843
2023-04-28,2023-05-01,conservative_fixed,conservative,fixed,,,,,,,,0.1,0.1,0.9,0.0924680624425589,0.9075319375574411,-0.00753193755744111,0.0999999999999997,0.9000000000000381,0.007531937557440804,0.0,,,0.2152866689302236
2023-05-31,2023-06-01,conservative_fixed,conservative,fixed,,,,,,,,0.1,0.1,0.9,0.10772439030719362,0.8922756096928064,0.007724390307193615,0.1000000000000004,0.9000000000000011,-0.007724390307193227,0.0,,,0.4023039140988266
2023-06-30,2023-07-03,conservative_fixed,conservative,fixed,,,,,,,,0.1,0.1,0.9,0.10492899631384688,0.8950710036861531,0.00492899631384687,0.0999999999999997,0.8999999999999992,-0.004928996313847175,0.0,,,0.23600433199194
2023-07-31,2023-08-01,conservative_fixed,conservative,fixed,,,,,,,,0.1,0.1,0.9,0.1143894660513031,0.8856105339486969,0.01438946605130309,0.1000000000000001,0.9000000000000001,-0.014389466051302993,0.0,,,0.1378148335384581
2023-08-31,2023-09-01,conservative_fixed,conservative,fixed,,,,,,,,0.1,0.1,0.9,0.08239325050201557,0.9176067494979845,-0.017606749497984436,0.0999999999999998,0.8999999999999937,0.017606749497984228,0.0,,,0.4056430018422655
2023-09-29,2023-10-02,conservative_fixed,conservative,fixed,,,,,,,,0.1,0.1,0.9,0.11183709213721307,0.888162907862787,0.011837092137213068,0.0999999999999998,0.9000000000000024,-0.011837092137213276,0.0,,,0.3670269333270597
2023-10-31,2023-11-01,conservative_fixed,conservative,fixed,,,,,,,,0.1,0.1,0.9,0.10595351309386414,0.8940464869061359,0.005953513093864132,0.0999999999999999,0.8999999999999999,-0.005953513093864243,0.0,,,0.3354028872227024
2023-11-30,2023-12-01,conservative_fixed,conservative,fixed,,,,,,,,0.1,0.1,0.9,0.10053158032521847,0.8994684196747815,0.000531580325218467,0.1,0.8999999999999991,-0.000531580325218467,0.0,,,0.2129827121296882
2020-12-31,2021-01-04,growth_adaptive,growth,adaptive,0.0950169251794809,80.32786885245902,0.1393442622950819,0.860655737704918,0.2452554744525547,0.1952554744525547,0.8047445255474452,,0.1952554744525547,0.8047445255474452,0.1952554744525546,0.8047445255474455,,0.1952554744525548,0.8047445255474452,2.220446049250313e-16,-0.0499999999999999,False,True,
2021-01-29,2021-02-01,growth_adaptive,growth,adaptive,0.1082779977240067,80.83832335329342,0.1383233532934131,0.8616766467065868,0.1952554744525547,0.1452554744525547,0.8547445255474453,0.1952554744525547,0.1452554744525547,0.8547445255474453,0.18784065930418248,0.8121593406958175,-0.0074148151483722224,0.1452554744525559,0.8547445255474451,-0.04258518485162657,-0.0499999999999999,False,True,0.1942044478051855
2021-02-26,2021-03-01,growth_adaptive,growth,adaptive,0.1011100516469831,76.24309392265194,0.1475138121546961,0.8524861878453038,0.1452554744525547,0.1452554744525547,0.8547445255474453,0.1452554744525547,0.1452554744525547,0.8547445255474453,0.1952707085597554,0.8047292914402446,0.050015234107200685,0.1452554744525548,0.8547445255474164,-0.0500152341072006,0.0,True,False,0.1112606401274172
2021-03-31,2021-04-01,growth_adaptive,growth,adaptive,0.0721050474222789,43.54430379746835,0.2129113924050633,0.7870886075949367,0.1452554744525547,0.1952554744525547,0.8047445255474452,0.1452554744525547,0.1952554744525547,0.8047445255474452,0.17448508700696233,0.8255149129930377,0.02922961255440762,0.1952554744525551,0.8047445255474452,0.02077038744559276,0.0499999999999999,False,True,0.4890845615148371
2021-04-30,2021-05-03,growth_adaptive,growth,adaptive,0.0665231499094032,34.8235294117647,0.2303529411764706,0.7696470588235294,0.1952554744525547,0.2303529411764706,0.7696470588235294,0.1952554744525547,0.2303529411764706,0.7696470588235294,0.25254641028669444,0.7474535897133056,0.057290935834139745,0.2303529411764706,0.769647058823523,-0.02219346911022385,0.0350974667239158,False,False,0.2042904353598671
2021-05-28,2021-06-01,growth_adaptive,growth,adaptive,0.1494506335886626,93.3774834437086,0.1132450331125828,0.8867549668874172,0.2303529411764706,0.1803529411764706,0.8196470588235294,0.2303529411764706,0.1803529411764706,0.8196470588235294,0.24396960578116006,0.75603039421884,0.013616664604689466,0.1803529411764703,0.8196470588235314,-0.06361666460468976,-0.0499999999999999,False,True,0.2625857397560326
2021-06-30,2021-07-01,growth_adaptive,growth,adaptive,0.1683440029788646,100.0,0.1,0.9,0.1803529411764706,0.1303529411764706,0.8696470588235294,0.1803529411764706,0.1303529411764706,0.8696470588235294,0.14172736885298143,0.8582726311470186,-0.03862557232348918,0.1303529411764706,0.8696470588235293,-0.01137442767651084,-0.0499999999999999,False,True,0.2904551368104434
2021-07-30,2021-08-02,growth_adaptive,growth,adaptive,0.0918319470264436,60.07751937984496,0.17984496124031,0.8201550387596899,0.1303529411764706,0.17984496124031,0.82015503875969,0.1303529411764706,0.17984496124031,0.82015503875969,0.12665196628449354,0.8733480337155064,-0.0037009748919770435,0.17984496124031,0.8201550387596876,0.05319299495581645,0.0494920200638393,False,False,0.096847338818372
2021-08-31,2021-09-01,growth_adaptive,growth,adaptive,0.0566624258194645,16.240875912408757,0.2675182481751825,0.7324817518248175,0.17984496124031,0.22984496124031,0.77015503875969,0.17984496124031,0.22984496124031,0.77015503875969,0.23006881153032635,0.7699311884696737,0.05022385029001636,0.2298449612403101,0.7701550387596899,-0.00022385029001625867,0.05,False,True,0.0264279187103355
2021-09-30,2021-10-01,growth_adaptive,growth,adaptive,0.0897193866592784,63.14878892733565,0.1737024221453287,0.8262975778546713,0.22984496124031,0.17984496124031,0.82015503875969,0.22984496124031,0.17984496124031,0.82015503875969,0.20815257310595794,0.7918474268940421,-0.021692388134352064,0.1798449612403099,0.8201550387596902,-0.028307611865648036,-0.0499999999999999,False,True,0.2917042192137263
2021-10-29,2021-11-01,growth_adaptive,growth,adaptive,0.088803821425399,60.79077429983526,0.1784184514003294,0.8215815485996705,0.17984496124031,0.17984496124031,0.82015503875969,0.17984496124031,0.17984496124031,0.82015503875969,0.20551667735954698,0.7944833226404531,0.025671716119236992,0.1798449612403099,0.8201550387596878,-0.025671716119237076,0.0,True,False,0.2766018165663081
2021-11-30,2021-12-01,growth_adaptive,growth,adaptive,0.0669718047226076,29.42097026604069,0.2411580594679186,0.7588419405320814,0.17984496124031,0.22984496124031,0.77015503875969,0.17984496124031,0.22984496124031,0.77015503875969,0.1617884074959265,0.8382115925040735,-0.018056553744383502,0.2298449612403097,0.7701550387596667,0.06805655374438321,0.0499999999999999,False,True,0.3437492550543052
2021-12-31,2022-01-03,growth_adaptive,growth,adaptive,0.0780920808393098,51.7910447761194,0.1964179104477612,0.8035820895522388,0.22984496124031,0.1964179104477612,0.8035820895522388,0.22984496124031,0.1964179104477612,0.8035820895522388,0.1857295851314954,0.8142704148685046,-0.04411537610881461,0.1964179104477612,0.8035820895524108,0.01068832531626579,-0.0334270507925488,False,False,0.1168715473960586
2022-01-31,2022-02-01,growth_adaptive,growth,adaptive,0.0823514270204458,57.34664764621969,0.1853067047075606,0.8146932952924394,0.1964179104477612,0.1853067047075606,0.8146932952924394,0.1964179104477612,0.1853067047075606,0.8146932952924394,0.15985240768025574,0.8401475923197442,-0.03656550276750545,0.1853067047075608,0.8146932952924409,0.02545429702730506,-0.0111112057402005,False,False,0.3035590076569497
2022-02-28,2022-03-01,growth_adaptive,growth,adaptive,0.0728313155296015,39.09465020576132,0.2218106995884773,0.7781893004115226,0.1853067047075606,0.2218106995884773,0.7781893004115227,0.1853067047075606,0.2218106995884773,0.7781893004115227,0.22269410848199922,0.7773058915180008,0.03738740377443861,0.2218106995884771,0.7781893004115221,-0.0008834088935221196,0.0365039948809166,False,False,0.4485465399991679
2022-03-31,2022-04-01,growth_adaptive,growth,adaptive,0.0597575067252199,19.210526315789473,0.261578947368421,0.738421052631579,0.2218106995884773,0.261578947368421,0.738421052631579,0.2218106995884773,0.261578947368421,0.738421052631579,0.23618864032955542,0.7638113596704446,0.014377940741078121,0.2615789473684201,0.738421052631579,0.025390307038864662,0.0397682477799437,False,False,0.3680406148880843
2022-04-29,2022-05-02,growth_adaptive,growth,adaptive,0.0661928736832527,24.20785804816223,0.2515842839036755,0.7484157160963245,0.261578947368421,0.261578947368421,0.738421052631579,0.261578947368421,0.261578947368421,0.738421052631579,0.23279513426953954,0.7672048657304604,-0.028783813098881478,0.2615789473684213,0.7384210526315788,0.028783813098881755,0.0,True,False,0.3295628951083272
2022-05-31,2022-06-01,growth_adaptive,growth,adaptive,0.1036648531803156,81.97320341047502,0.1360535931790499,0.86394640682095,0.261578947368421,0.211578947368421,0.7884210526315789,0.261578947368421,0.211578947368421,0.7884210526315789,0.19313368641294143,0.8068663135870586,-0.06844526095547959,0.2115789473684219,0.7884210526315774,0.018445260955480464,-0.0499999999999999,False,True,0.288714441826428
2022-06-30,2022-07-01,growth_adaptive,growth,adaptive,0.1139390110615981,85.19388954171563,0.1296122209165687,0.8703877790834312,0.211578947368421,0.161578947368421,0.838421052631579,0.211578947368421,0.161578947368421,0.838421052631579,0.17001039156952333,0.8299896084304766,-0.04156855579889768,0.161578947368421,0.8384210526315785,-0.00843144420110234,-0.0499999999999999,False,True,0.4130120057193625
2022-07-29,2022-08-01,growth_adaptive,growth,adaptive,0.0824508483960887,58.18181818181818,0.1836363636363636,0.8163636363636364,0.161578947368421,0.1836363636363636,0.8163636363636364,0.161578947368421,0.1836363636363636,0.8163636363636364,0.17702776971005216,0.8229722302899478,0.015448822341631169,0.1836363636363643,0.8163636363636365,0.006608593926312134,0.0220574162679425,False,False,0.0547629578870507
2022-08-31,2022-09-01,growth_adaptive,growth,adaptive,0.0663977996623439,23.548740416210297,0.2529025191675794,0.7470974808324207,0.1836363636363636,0.2336363636363636,0.7663636363636364,0.1836363636363636,0.2336363636363636,0.7663636363636364,0.1681845763739308,0.8318154236260692,-0.015451787262432792,0.23363636363636,0.7663636363636399,0.0654517872624292,0.0499999999999999,False,True,0.1767771441620141
2022-09-30,2022-10-03,growth_adaptive,growth,adaptive,0.0758514931612161,49.09862142099682,0.2018027571580063,0.7981972428419937,0.2336363636363636,0.2018027571580063,0.7981972428419937,0.2336363636363636,0.2018027571580063,0.7981972428419937,0.2593674850779927,0.7406325149220073,0.02573112144162909,0.2018027571580061,0.7981972428419933,-0.05756472791998657,-0.0318336064783572,False,False,0.3609940403411451
2022-10-31,2022-11-01,growth_adaptive,growth,adaptive,0.058649471885812,12.73100616016427,0.2745379876796714,0.7254620123203286,0.2018027571580063,0.2518027571580063,0.7481972428419936,0.2018027571580063,0.2518027571580063,0.7481972428419936,0.188986767319786,0.811013232680214,-0.012815989838220299,0.2518027571580056,0.7481972428419938,0.0628159898382196,0.05,False,True,0.1474211908693578
2022-11-30,2022-12-01,growth_adaptive,growth,adaptive,0.0700362604327545,32.47011952191235,0.2350597609561753,0.7649402390438247,0.2518027571580063,0.2350597609561753,0.7649402390438247,0.2518027571580063,0.2350597609561753,0.7649402390438247,0.2318133396495274,0.7681866603504726,-0.019989417508478907,0.2350597609561771,0.7649402390438246,0.003246421306649677,-0.016742996201831,False,False,0.2749595946575598
2022-12-30,2023-01-03,growth_adaptive,growth,adaptive,0.0761424976847595,52.804642166344294,0.1943907156673114,0.8056092843326885,0.2350597609561753,0.1943907156673114,0.8056092843326886,0.2350597609561753,0.1943907156673114,0.8056092843326886,0.21665833963051218,0.7833416603694878,-0.018401421325663136,0.1943907156673114,0.8056092843326884,-0.022267623963200783,-0.0406690452888639,False,False,0.2181227689988024
2023-01-31,2023-02-01,growth_adaptive,growth,adaptive,0.0449970734859114,8.25515947467167,0.2834896810506566,0.7165103189493434,0.1943907156673114,0.2443907156673114,0.7556092843326886,0.1943907156673114,0.2443907156673114,0.7556092843326886,0.22008087465219411,0.7799191253478059,0.02569015898488272,0.2443907156673113,0.7556092843326886,0.024309841015117184,0.05,False,True,0.1510815659780342
2023-02-28,2023-03-01,growth_adaptive,growth,adaptive,0.044675002809092,9.049360146252283,0.2819012797074954,0.7180987202925047,0.2443907156673114,0.2819012797074954,0.7180987202925047,0.2443907156673114,0.2819012797074954,0.7180987202925047,0.25593833499378404,0.744061665006216,0.011547619326472636,0.2819012797074942,0.718098720292508,0.025962944713710134,0.0375105640401839,False,False,0.2042346692234449
2023-03-31,2023-04-03,growth_adaptive,growth,adaptive,0.0497258828840727,12.088888888888889,0.2758222222222222,0.7241777777777778,0.2819012797074954,0.2819012797074954,0.7180987202925047,0.2819012797074954,0.2819012797074954,0.7180987202925047,0.29119216543435633,0.7088078345656437,0.009290885726860931,0.2819012797074964,0.7180987202925047,-0.009290885726859932,0.0,True,False,0.1356083099317583
2023-04-28,2023-05-01,growth_adaptive,growth,adaptive,0.05047375546635,14.570685169124022,0.2708586296617519,0.7291413703382481,0.2819012797074954,0.2708586296617519,0.7291413703382481,0.2819012797074954,0.2708586296617519,0.7291413703382481,0.2646981485570848,0.7353018514429153,-0.01720313115041061,0.2708586296617511,0.7291413703382789,0.006160481104666327,-0.0110426500457435,False,False,0.1942333986121021
2023-05-31,2023-06-01,growth_adaptive,growth,adaptive,0.0375670090484977,2.6138279932546373,0.2947723440134907,0.7052276559865093,0.2708586296617519,0.2947723440134907,0.7052276559865094,0.2708586296617519,0.2947723440134907,0.7052276559865094,0.2875639103301274,0.7124360896698726,0.01670528066837551,0.2947723440134919,0.7052276559865102,0.00720843368336449,0.0239137143517387,False,False,0.341089843407113
2023-06-30,2023-07-03,growth_adaptive,growth,adaptive,0.0485413030948913,14.473684210526317,0.2710526315789474,0.7289473684210526,0.2947723440134907,0.2710526315789474,0.7289473684210526,0.2947723440134907,0.2710526315789474,0.7289473684210526,0.3060371562739688,0.6939628437260312,0.011264812260478152,0.2710526315789465,0.7289473684210519,-0.034984524695022334,-0.0237197124345432,False,False,0.21133625466585
2023-07-31,2023-08-01,growth_adaptive,growth,adaptive,0.0536787739702087,23.416198877305533,0.2531676022453889,0.7468323977546111,0.2710526315789474,0.2531676022453889,0.7468323977546111,0.2710526315789474,0.2531676022453889,0.7468323977546111,0.30180185987878105,0.698198140121219,0.030749228299833675,0.2531676022453892,0.746832397754611,-0.04863425763339185,-0.0178850293335584,False,False,0.134673922246177
2023-08-31,2023-09-01,growth_adaptive,growth,adaptive,0.0505246989841056,19.483568075117372,0.2610328638497652,0.7389671361502348,0.2531676022453889,0.2531676022453889,0.7468323977546111,0.2531676022453889,0.2531676022453889,0.7468323977546111,0.21503642452933278,0.7849635754706672,-0.03813117771605615,0.2531676022453884,0.7468323977546059,0.03813117771605565,0.0,True,False,0.4188941009029309
2023-09-29,2023-10-02,growth_adaptive,growth,adaptive,0.0440244649195958,9.793420045906656,0.2804131599081866,0.7195868400918133,0.2531676022453889,0.2804131599081866,0.7195868400918134,0.2531676022453889,0.2804131599081866,0.7195868400918134,0.27754413026383207,0.7224558697361679,0.024376528018443144,0.280413159908186,0.7195868400918153,0.0028690296443539265,0.0272455576627976,False,False,0.3120045680158496
2023-10-31,2023-11-01,growth_adaptive,growth,adaptive,0.0236328519184651,0.0746825989544436,0.2998506348020911,0.7001493651979089,0.2804131599081866,0.2998506348020911,0.7001493651979089,0.2804131599081866,0.2998506348020911,0.7001493651979089,0.2936036237042944,0.7063963762957056,0.013190463796107776,0.2998506348020908,0.7001493651979089,0.006247011097796407,0.0194374748939045,False,False,0.2695511410273574
2023-11-30,2023-12-01,growth_adaptive,growth,adaptive,0.0326788061359547,3.6523009495982466,0.2926953981008034,0.7073046018991965,0.2998506348020911,0.2998506348020911,0.7001493651979089,0.2998506348020911,0.2998506348020911,0.7001493651979089,0.3010891738946794,0.6989108261053206,0.0012385390925882533,0.2998506348020912,0.7001493651979083,-0.0012385390925881978,0.0,True,False,0.2035996914788296
2020-12-31,2021-01-04,growth_fixed,growth,fixed,,,,,,,,,0.3,0.7,0.3000000000000002,0.6999999999999997,,0.3000000000000002,0.7,0.0,,,,
2021-01-29,2021-02-01,growth_fixed,growth,fixed,,,,,,,,0.3,0.3,0.7,0.29004112426124096,0.709958875738759,-0.009958875738759032,0.3000000000000025,0.6999999999999996,0.00995887573876153,0.0,,,0.20965192778027
2021-02-26,2021-03-01,growth_fixed,growth,fixed,,,,,,,,0.3,0.3,0.7,0.3796324885243066,0.6203675114756935,0.0796324885243066,0.3000000000000004,0.6999999999999763,-0.07963248852430621,0.0,,,0.1433049386681417
2021-03-31,2021-04-01,growth_fixed,growth,fixed,,,,,,,,0.3,0.3,0.7,0.34770162537121324,0.6522983746287867,0.04770162537121325,0.3000000000000007,0.6999999999999998,-0.04770162537121253,0.0,,,0.447232793742894
2021-04-30,2021-05-03,growth_fixed,growth,fixed,,,,,,,,0.3,0.3,0.7,0.37375082558852,0.62624917441148,0.07375082558852003,0.2999999999999999,0.6999999999999942,-0.07375082558852014,0.0,,,0.2062746918420395
2021-05-28,2021-06-01,growth_fixed,growth,fixed,,,,,,,,0.3,0.3,0.7,0.31604307915561186,0.6839569208443881,0.016043079155611872,0.2999999999999995,0.7000000000000015,-0.016043079155612372,0.0,,,0.2840915058122185
2021-06-30,2021-07-01,growth_fixed,growth,fixed,,,,,,,,0.3,0.3,0.7,0.24335806284463168,0.7566419371553683,-0.056641937155368305,0.2999999999999999,0.7,0.056641937155368194,0.0,,,0.2843779390172554
2021-07-30,2021-08-02,growth_fixed,growth,fixed,,,,,,,,0.3,0.3,0.7,0.29310580397145247,0.7068941960285475,-0.006894196028547517,0.3,0.6999999999999981,0.006894196028547517,0.0,,,0.0678946975490374
2021-08-31,2021-09-01,growth_fixed,growth,fixed,,,,,,,,0.3,0.3,0.7,0.3686943113590438,0.6313056886409563,0.0686943113590438,0.3000000000000001,0.7,-0.06869431135904369,0.0,,,0.0686943113590435
2021-09-30,2021-10-01,growth_fixed,growth,fixed,,,,,,,,0.3,0.3,0.7,0.27404247162871986,0.7259575283712801,-0.025957528371280125,0.2999999999999998,0.7000000000000001,0.02595752837127996,0.0,,,0.2545300329730717
2021-10-29,2021-11-01,growth_fixed,growth,fixed,,,,,,,,0.3,0.3,0.7,0.33580069935895474,0.6641993006410453,0.035800699358954746,0.2999999999999998,0.6999999999999981,-0.03580069935895491,0.0,,,0.2488182860294944
2021-11-30,2021-12-01,growth_fixed,growth,fixed,,,,,,,,0.3,0.3,0.7,0.27390871889031676,0.7260912811096832,-0.02609128110968323,0.2999999999999996,0.6999999999999789,0.02609128110968284,0.0,,,0.3110041614997943
2021-12-31,2022-01-03,growth_fixed,growth,fixed,,,,,,,,0.3,0.3,0.7,0.24673322416814852,0.7532667758318514,-0.053266775831851465,0.3,0.70000000000015,0.053266775831851465,0.0,,,0.1452767017162321
2022-01-31,2022-02-01,growth_fixed,growth,fixed,,,,,,,,0.3,0.3,0.7,0.2501542586541847,0.7498457413458153,-0.049845741345815264,0.3000000000000004,0.7000000000000013,0.04984574134581565,0.0,,,0.2972155958564892
2022-02-28,2022-03-01,growth_fixed,growth,fixed,,,,,,,,0.3,0.3,0.7,0.35057030934952693,0.6494296906504731,0.05057030934952694,0.2999999999999997,0.6999999999999995,-0.05057030934952722,0.0,,,0.4132659486636281
2022-03-31,2022-04-01,growth_fixed,growth,fixed,,,,,,,,0.3,0.3,0.7,0.31737916393149695,0.6826208360685031,0.017379163931496966,0.2999999999999989,0.7,-0.017379163931498076,0.0,,,0.3335158893023635
2022-04-29,2022-05-02,growth_fixed,growth,fixed,,,,,,,,0.3,0.3,0.7,0.26852581841203826,0.7314741815879617,-0.031474181587961725,0.3000000000000002,0.6999999999999998,0.03147418158796195,0.0,,,0.3210942982722089
2022-05-31,2022-06-01,growth_fixed,growth,fixed,,,,,,,,0.3,0.3,0.7,0.2245586941001701,0.77544130589983,-0.07544130589982989,0.3000000000000012,0.6999999999999986,0.07544130589983111,0.0,,,0.3007130495306639
2022-06-30,2022-07-01,growth_fixed,growth,fixed,,,,,,,,0.3,0.3,0.7,0.24649064283134045,0.7535093571686595,-0.05350935716865954,0.3,0.6999999999999995,0.05350935716865954,0.0,,,0.4099345880890511
2022-07-29,2022-08-01,growth_fixed,growth,fixed,,,,,,,,0.3,0.3,0.7,0.32357576727668513,0.6764242327233149,0.023575767276685144,0.3000000000000011,0.7000000000000001,-0.023575767276684034,0.0,,,0.055525300448006
2022-08-31,2022-09-01,growth_fixed,growth,fixed,,,,,,,,0.3,0.3,0.7,0.27809234105864744,0.7219076589413526,-0.021907658941352548,0.2999999999999954,0.7000000000000031,0.02190765894134794,0.0,,,0.14765599707395
2022-09-30,2022-10-03,growth_fixed,growth,fixed,,,,,,,,0.3,0.3,0.7,0.3298937517841616,0.6701062482158384,0.029893751784161593,0.2999999999999997,0.6999999999999996,-0.02989375178416187,0.0,,,0.3132228840913505
2022-10-31,2022-11-01,growth_fixed,growth,fixed,,,,,,,,0.3,0.3,0.7,0.2831600588779588,0.7168399411220412,-0.01683994112204118,0.2999999999999992,0.7000000000000003,0.016839941122040403,0.0,,,0.1090444082905079
2022-11-30,2022-12-01,growth_fixed,growth,fixed,,,,,,,,0.3,0.3,0.7,0.277604051892015,0.722395948107985,-0.02239594810798501,0.3000000000000022,0.6999999999999998,0.02239594810798723,0.0,,,0.2731170315684701
2022-12-30,2023-01-03,growth_fixed,growth,fixed,,,,,,,,0.3,0.3,0.7,0.2783648049079377,0.7216351950920623,-0.021635195092062298,0.3000000000000001,0.6999999999999997,0.02163519509206241,0.0,,,0.2238025710263825
2023-01-31,2023-02-01,growth_fixed,growth,fixed,,,,,,,,0.3,0.3,0.7,0.3338630804240774,0.6661369195759226,0.03386308042407743,0.2999999999999999,0.7,-0.03386308042407754,0.0,,,0.1478588481641378
2023-02-28,2023-03-01,growth_fixed,growth,fixed,,,,,,,,0.3,0.3,0.7,0.3130864592751131,0.686913540724887,0.013086459275113094,0.2999999999999987,0.7000000000000033,-0.01308645927511437,0.0,,,0.1833545874930436
2023-03-31,2023-04-03,growth_fixed,growth,fixed,,,,,,,,0.3,0.3,0.7,0.309630184582668,0.690369815417332,0.009630184582668011,0.300000000000001,0.7,-0.009630184582667012,0.0,,,0.1342540997150208
2023-04-28,2023-05-01,growth_fixed,growth,fixed,,,,,,,,0.3,0.3,0.7,0.2821263157578977,0.7178736842421023,-0.017873684242102283,0.2999999999999991,0.7000000000000295,0.017873684242101395,0.0,,,0.1940895539111534
2023-05-31,2023-06-01,growth_fixed,growth,fixed,,,,,,,,0.3,0.3,0.7,0.3177194180478565,0.6822805819521435,0.01771941804785654,0.3000000000000012,0.7000000000000007,-0.017719418047855318,0.0,,,0.3414935375944473
2023-06-30,2023-07-03,growth_fixed,growth,fixed,,,,,,,,0.3,0.3,0.7,0.311376382185955,0.688623617814045,0.011376382185954992,0.299999999999999,0.6999999999999993,-0.011376382185955991,0.0,,,0.2054790209025168
2023-07-31,2023-08-01,growth_fixed,growth,fixed,,,,,,,,0.3,0.3,0.7,0.3325350604576358,0.6674649395423642,0.03253506045763582,0.3000000000000004,0.7,-0.032535060457635434,0.0,,,0.1297913816208706
2023-08-31,2023-09-01,growth_fixed,growth,fixed,,,,,,,,0.3,0.3,0.7,0.25724473739721915,0.7427552626027809,-0.04275526260278084,0.2999999999999994,0.699999999999995,0.04275526260278023,0.0,,,0.4231265088071589
2023-09-29,2023-10-02,growth_fixed,growth,fixed,,,,,,,,0.3,0.3,0.7,0.32691197167935826,0.6730880283206417,0.02691197167935827,0.2999999999999994,0.7000000000000018,-0.02691197167935888,0.0,,,0.3038443040959087
2023-10-31,2023-11-01,growth_fixed,growth,fixed,,,,,,,,0.3,0.3,0.7,0.313710144935917,0.686289855064083,0.01371014493591699,0.2999999999999996,0.7,-0.013710144935917379,0.0,,,0.2654061828360179
2023-11-30,2023-12-01,growth_fixed,growth,fixed,,,,,,,,0.3,0.3,0.7,0.3012388906035768,0.6987611093964232,0.0012388906035767921,0.3,0.6999999999999993,-0.0012388906035767921,0.0,,,0.2035926682020723
